rep,alpha,class,true_class,coverage
0,0.1,NORM,1,0.8899273104880582
0,0.1,NORM,0,0.8803347280334728
0,0.1,MI,1,0.8909090909090909
0,0.1,MI,0,0.8837064676616916
0,0.1,STTC,1,0.8771593090211133
0,0.1,STTC,0,0.8888210140500916
0,0.1,CD,1,0.8931451612903226
0,0.1,CD,0,0.8838748495788207
0,0.1,HYP,1,0.9045801526717557
0,0.1,HYP,0,0.8966244725738397
0,0.05,NORM,1,0.9387331256490135
0,0.05,NORM,0,0.9439330543933054
0,0.05,MI,1,0.9472727272727273
0,0.05,MI,0,0.9347014925373134
0,0.05,STTC,1,0.9385796545105566
0,0.05,STTC,0,0.9480757483200978
0,0.05,CD,1,0.9455645161290323
0,0.05,CD,0,0.9464500601684718
0,0.05,HYP,1,0.9732824427480916
0,0.05,HYP,0,0.9556962025316456
1,0.1,NORM,1,0.9117341640706127
1,0.1,NORM,0,0.8870292887029289
1,0.1,MI,1,0.8945454545454545
1,0.1,MI,0,0.8874378109452736
1,0.1,STTC,1,0.8733205374280231
1,0.1,STTC,0,0.9108124618204032
1,0.1,CD,1,0.9133064516129032
1,0.1,CD,0,0.9127557160048135
1,0.1,HYP,1,0.8778625954198473
1,0.1,HYP,0,0.9082278481012658
1,0.05,NORM,1,0.9626168224299065
1,0.05,NORM,0,0.9531380753138076
1,0.05,MI,1,0.9490909090909091
1,0.05,MI,0,0.9365671641791045
1,0.05,STTC,1,0.9309021113243762
1,0.05,STTC,0,0.952351863164325
1,0.05,CD,1,0.9455645161290323
1,0.05,CD,0,0.9614921780986763
1,0.05,HYP,1,0.9732824427480916
1,0.05,HYP,0,0.9556962025316456
2,0.1,NORM,1,0.9117341640706127
2,0.1,NORM,0,0.8803347280334728
2,0.1,MI,1,0.8945454545454545
2,0.1,MI,0,0.8961442786069652
2,0.1,STTC,1,0.8733205374280231
2,0.1,STTC,0,0.9156994502138057
2,0.1,CD,1,0.9092741935483871
2,0.1,CD,0,0.8916967509025271
2,0.1,HYP,1,0.9198473282442748
2,0.1,HYP,0,0.9013713080168776
2,0.05,NORM,1,0.9615784008307373
2,0.05,NORM,0,0.9430962343096234
2,0.05,MI,1,0.9472727272727273
2,0.05,MI,0,0.9458955223880597
2,0.05,STTC,1,0.9289827255278311
2,0.05,STTC,0,0.9651802076970067
2,0.05,CD,1,0.9475806451612904
2,0.05,CD,0,0.9512635379061372
2,0.05,HYP,1,0.9732824427480916
2,0.05,HYP,0,0.9530590717299579
3,0.1,NORM,1,0.9283489096573209
3,0.1,NORM,0,0.8878661087866109
3,0.1,MI,1,0.8872727272727273
3,0.1,MI,0,0.9123134328358209
3,0.1,STTC,1,0.8733205374280231
3,0.1,STTC,0,0.9156994502138057
3,0.1,CD,1,0.9012096774193549
3,0.1,CD,0,0.9133574007220217
3,0.1,HYP,1,0.9045801526717557
3,0.1,HYP,0,0.9055907172995781
3,0.05,NORM,1,0.9667705088265836
3,0.05,NORM,0,0.9439330543933054
3,0.05,MI,1,0.9436363636363636
3,0.05,MI,0,0.9490049751243781
3,0.05,STTC,1,0.9289827255278311
3,0.05,STTC,0,0.9627367135003054
3,0.05,CD,1,0.9415322580645161
3,0.05,CD,0,0.9614921780986763
3,0.05,HYP,1,0.9274809160305344
3,0.05,HYP,0,0.9593881856540084
4,0.1,NORM,1,0.9138110072689511
4,0.1,NORM,0,0.8778242677824267
4,0.1,MI,1,0.8945454545454545
4,0.1,MI,0,0.9123134328358209
4,0.1,STTC,1,0.8541266794625719
4,0.1,STTC,0,0.9187538179596824
4,0.1,CD,1,0.8991935483870968
4,0.1,CD,0,0.8965102286401926
4,0.1,HYP,1,0.9198473282442748
4,0.1,HYP,0,0.8966244725738397
4,0.05,NORM,1,0.960539979231568
4,0.05,NORM,0,0.9430962343096234
4,0.05,MI,1,0.9472727272727273
4,0.05,MI,0,0.945273631840796
4,0.05,STTC,1,0.9309021113243762
4,0.05,STTC,0,0.9609040928527794
4,0.05,CD,1,0.9395161290322581
4,0.05,CD,0,0.9542719614921781
4,0.05,HYP,1,0.9732824427480916
4,0.05,HYP,0,0.9530590717299579
5,0.1,NORM,1,0.9138110072689511
5,0.1,NORM,0,0.897907949790795
5,0.1,MI,1,0.8945454545454545
5,0.1,MI,0,0.8973880597014925
5,0.1,STTC,1,0.8771593090211133
5,0.1,STTC,0,0.9187538179596824
5,0.1,CD,1,0.8951612903225806
5,0.1,CD,0,0.9025270758122743
5,0.1,HYP,1,0.9198473282442748
5,0.1,HYP,0,0.9034810126582279
5,0.05,NORM,1,0.9615784008307373
5,0.05,NORM,0,0.9447698744769875
5,0.05,MI,1,0.9472727272727273
5,0.05,MI,0,0.945273631840796
5,0.05,STTC,1,0.9309021113243762
5,0.05,STTC,0,0.9609040928527794
5,0.05,CD,1,0.9395161290322581
5,0.05,CD,0,0.9608904933814681
5,0.05,HYP,1,0.9809160305343512
5,0.05,HYP,0,0.9541139240506329
6,0.1,NORM,1,0.9169262720664589
6,0.1,NORM,0,0.8803347280334728
6,0.1,MI,1,0.8945454545454545
6,0.1,MI,0,0.9036069651741293
6,0.1,STTC,1,0.8733205374280231
6,0.1,STTC,0,0.9138668295662797
6,0.1,CD,1,0.8911290322580645
6,0.1,CD,0,0.907942238267148
6,0.1,HYP,1,0.8778625954198473
6,0.1,HYP,0,0.9071729957805907
6,0.05,NORM,1,0.9626168224299065
6,0.05,NORM,0,0.9430962343096234
6,0.05,MI,1,0.9436363636363636
6,0.05,MI,0,0.9458955223880597
6,0.05,STTC,1,0.9289827255278311
6,0.05,STTC,0,0.9602932193036041
6,0.05,CD,1,0.9455645161290323
6,0.05,CD,0,0.9675090252707581
6,0.05,HYP,1,0.9274809160305344
6,0.05,HYP,0,0.9541139240506329
7,0.1,NORM,1,0.9138110072689511
7,0.1,NORM,0,0.8786610878661087
7,0.1,MI,1,0.8872727272727273
7,0.1,MI,0,0.8893034825870647
7,0.1,STTC,1,0.8522072936660269
7,0.1,STTC,0,0.9126450824679292
7,0.1,CD,1,0.8911290322580645
7,0.1,CD,0,0.9025270758122743
7,0.1,HYP,1,0.8778625954198473
7,0.1,HYP,0,0.9013713080168776
7,0.05,NORM,1,0.9501557632398754
7,0.05,NORM,0,0.9430962343096234
7,0.05,MI,1,0.9327272727272727
7,0.05,MI,0,0.931592039800995
7,0.05,STTC,1,0.9136276391554703
7,0.05,STTC,0,0.9682345754428833
7,0.05,CD,1,0.9334677419354839
7,0.05,CD,0,0.9608904933814681
7,0.05,HYP,1,0.9427480916030534
7,0.05,HYP,0,0.9525316455696202
8,0.1,NORM,1,0.9138110072689511
8,0.1,NORM,0,0.8778242677824267
8,0.1,MI,1,0.8927272727272727
8,0.1,MI,0,0.8849502487562189
8,0.1,STTC,1,0.8733205374280231
8,0.1,STTC,0,0.9211973121563837
8,0.1,CD,1,0.9012096774193549
8,0.1,CD,0,0.9085439229843562
8,0.1,HYP,1,0.9045801526717557
8,0.1,HYP,0,0.9061181434599156
8,0.05,NORM,1,0.9730010384215991
8,0.05,NORM,0,0.9389121338912134
8,0.05,MI,1,0.9436363636363636
8,0.05,MI,0,0.9353233830845771
8,0.05,STTC,1,0.9174664107485605
8,0.05,STTC,0,0.9688454489920586
8,0.05,CD,1,0.9354838709677419
8,0.05,CD,0,0.96690734055355
8,0.05,HYP,1,0.9732824427480916
8,0.05,HYP,0,0.9604430379746836
9,0.1,NORM,1,0.9086188992731049
9,0.1,NORM,0,0.8761506276150628
9,0.1,MI,1,0.8945454545454545
9,0.1,MI,0,0.9079601990049752
9,0.1,STTC,1,0.8541266794625719
9,0.1,STTC,0,0.9126450824679292
9,0.1,CD,1,0.8951612903225806
9,0.1,CD,0,0.8935018050541517
9,0.1,HYP,1,0.8778625954198473
9,0.1,HYP,0,0.9008438818565401
9,0.05,NORM,1,0.9584631360332295
9,0.05,NORM,0,0.9389121338912134
9,0.05,MI,1,0.9490909090909091
9,0.05,MI,0,0.9490049751243781
9,0.05,STTC,1,0.9174664107485605
9,0.05,STTC,0,0.9609040928527794
9,0.05,CD,1,0.9334677419354839
9,0.05,CD,0,0.95367027677497
9,0.05,HYP,1,0.9732824427480916
9,0.05,HYP,0,0.9567510548523207
10,0.1,NORM,1,0.9138110072689511
10,0.1,NORM,0,0.8786610878661087
10,0.1,MI,1,0.889090909090909
10,0.1,MI,0,0.8942786069651741
10,0.1,STTC,1,0.8675623800383877
10,0.1,STTC,0,0.9108124618204032
10,0.1,CD,1,0.9012096774193549
10,0.1,CD,0,0.8959085439229844
10,0.1,HYP,1,0.9045801526717557
10,0.1,HYP,0,0.8813291139240507
10,0.05,NORM,1,0.960539979231568
10,0.05,NORM,0,0.9439330543933054
10,0.05,MI,1,0.9472727272727273
10,0.05,MI,0,0.9353233830845771
10,0.05,STTC,1,0.9174664107485605
10,0.05,STTC,0,0.9609040928527794
10,0.05,CD,1,0.9475806451612904
10,0.05,CD,0,0.95367027677497
10,0.05,HYP,1,0.9656488549618321
10,0.05,HYP,0,0.9541139240506329
11,0.1,NORM,1,0.8982346832814122
11,0.1,NORM,0,0.8870292887029289
11,0.1,MI,1,0.8945454545454545
11,0.1,MI,0,0.8893034825870647
11,0.1,STTC,1,0.8637236084452975
11,0.1,STTC,0,0.9156994502138057
11,0.1,CD,1,0.9012096774193549
11,0.1,CD,0,0.8959085439229844
11,0.1,HYP,1,0.9274809160305344
11,0.1,HYP,0,0.8997890295358649
11,0.05,NORM,1,0.9470404984423676
11,0.05,NORM,0,0.9472803347280335
11,0.05,MI,1,0.9490909090909091
11,0.05,MI,0,0.9353233830845771
11,0.05,STTC,1,0.9213051823416507
11,0.05,STTC,0,0.9627367135003054
11,0.05,CD,1,0.9354838709677419
11,0.05,CD,0,0.9638989169675091
11,0.05,HYP,1,0.9809160305343512
11,0.05,HYP,0,0.9520042194092827
12,0.1,NORM,1,0.9138110072689511
12,0.1,NORM,0,0.8736401673640167
12,0.1,MI,1,0.8909090909090909
12,0.1,MI,0,0.8992537313432836
12,0.1,STTC,1,0.8522072936660269
12,0.1,STTC,0,0.9156994502138057
12,0.1,CD,1,0.8911290322580645
12,0.1,CD,0,0.8965102286401926
12,0.1,HYP,1,0.8740458015267175
12,0.1,HYP,0,0.890295358649789
12,0.05,NORM,1,0.9615784008307373
12,0.05,NORM,0,0.9364016736401674
12,0.05,MI,1,0.9345454545454546
12,0.05,MI,0,0.9365671641791045
12,0.05,STTC,1,0.9289827255278311
12,0.05,STTC,0,0.9627367135003054
12,0.05,CD,1,0.9395161290322581
12,0.05,CD,0,0.95367027677497
12,0.05,HYP,1,0.9732824427480916
12,0.05,HYP,0,0.9520042194092827
13,0.1,NORM,1,0.9138110072689511
13,0.1,NORM,0,0.8987447698744769
13,0.1,MI,1,0.9054545454545454
13,0.1,MI,0,0.8973880597014925
13,0.1,STTC,1,0.8752399232245681
13,0.1,STTC,0,0.9114233353695785
13,0.1,CD,1,0.9092741935483871
13,0.1,CD,0,0.9139590854392299
13,0.1,HYP,1,0.9045801526717557
13,0.1,HYP,0,0.9013713080168776
13,0.05,NORM,1,0.9595015576323987
13,0.05,NORM,0,0.9472803347280335
13,0.05,MI,1,0.9490909090909091
13,0.05,MI,0,0.9365671641791045
13,0.05,STTC,1,0.9347408829174664
13,0.05,STTC,0,0.9596823457544288
13,0.05,CD,1,0.9495967741935484
13,0.05,CD,0,0.9645006016847172
13,0.05,HYP,1,0.9732824427480916
13,0.05,HYP,0,0.9530590717299579
14,0.1,NORM,1,0.9106957424714434
14,0.1,NORM,0,0.8761506276150628
14,0.1,MI,1,0.8818181818181818
14,0.1,MI,0,0.900497512437811
14,0.1,STTC,1,0.8522072936660269
14,0.1,STTC,0,0.9211973121563837
14,0.1,CD,1,0.9092741935483871
14,0.1,CD,0,0.9139590854392299
14,0.1,HYP,1,0.8740458015267175
14,0.1,HYP,0,0.9145569620253164
14,0.05,NORM,1,0.960539979231568
14,0.05,NORM,0,0.9397489539748954
14,0.05,MI,1,0.9363636363636364
14,0.05,MI,0,0.945273631840796
14,0.05,STTC,1,0.9136276391554703
14,0.05,STTC,0,0.9694563225412339
14,0.05,CD,1,0.9475806451612904
14,0.05,CD,0,0.9645006016847172
14,0.05,HYP,1,0.9732824427480916
14,0.05,HYP,0,0.9614978902953587
15,0.1,NORM,1,0.9106957424714434
15,0.1,NORM,0,0.8853556485355648
15,0.1,MI,1,0.9127272727272727
15,0.1,MI,0,0.8986318407960199
15,0.1,STTC,1,0.8675623800383877
15,0.1,STTC,0,0.9071472205253512
15,0.1,CD,1,0.9032258064516129
15,0.1,CD,0,0.9025270758122743
15,0.1,HYP,1,0.8778625954198473
15,0.1,HYP,0,0.9082278481012658
15,0.05,NORM,1,0.9491173416407062
15,0.05,NORM,0,0.9439330543933054
15,0.05,MI,1,0.9490909090909091
15,0.05,MI,0,0.9384328358208955
15,0.05,STTC,1,0.9289827255278311
15,0.05,STTC,0,0.9566279780085523
15,0.05,CD,1,0.9475806451612904
15,0.05,CD,0,0.9608904933814681
15,0.05,HYP,1,0.9274809160305344
15,0.05,HYP,0,0.9572784810126582
16,0.1,NORM,1,0.9065420560747663
16,0.1,NORM,0,0.8794979079497908
16,0.1,MI,1,0.8945454545454545
16,0.1,MI,0,0.8849502487562189
16,0.1,STTC,1,0.8349328214971209
16,0.1,STTC,0,0.9156994502138057
16,0.1,CD,1,0.8891129032258065
16,0.1,CD,0,0.9133574007220217
16,0.1,HYP,1,0.9045801526717557
16,0.1,HYP,0,0.9071729957805907
16,0.05,NORM,1,0.9491173416407062
16,0.05,NORM,0,0.9430962343096234
16,0.05,MI,1,0.9472727272727273
16,0.05,MI,0,0.9390547263681592
16,0.05,STTC,1,0.9040307101727447
16,0.05,STTC,0,0.9627367135003054
16,0.05,CD,1,0.9354838709677419
16,0.05,CD,0,0.9614921780986763
16,0.05,HYP,1,0.9732824427480916
16,0.05,HYP,0,0.9541139240506329
17,0.1,NORM,1,0.9169262720664589
17,0.1,NORM,0,0.8870292887029289
17,0.1,MI,1,0.8945454545454545
17,0.1,MI,0,0.8973880597014925
17,0.1,STTC,1,0.8637236084452975
17,0.1,STTC,0,0.9211973121563837
17,0.1,CD,1,0.905241935483871
17,0.1,CD,0,0.9133574007220217
17,0.1,HYP,1,0.8740458015267175
17,0.1,HYP,0,0.8966244725738397
17,0.05,NORM,1,0.9615784008307373
17,0.05,NORM,0,0.9506276150627615
17,0.05,MI,1,0.9490909090909091
17,0.05,MI,0,0.9458955223880597
17,0.05,STTC,1,0.9289827255278311
17,0.05,STTC,0,0.9651802076970067
17,0.05,CD,1,0.9495967741935484
17,0.05,CD,0,0.9614921780986763
17,0.05,HYP,1,0.9656488549618321
17,0.05,HYP,0,0.9530590717299579
18,0.1,NORM,1,0.9138110072689511
18,0.1,NORM,0,0.8778242677824267
18,0.1,MI,1,0.8945454545454545
18,0.1,MI,0,0.8973880597014925
18,0.1,STTC,1,0.8541266794625719
18,0.1,STTC,0,0.9236408063530849
18,0.1,CD,1,0.905241935483871
18,0.1,CD,0,0.8959085439229844
18,0.1,HYP,1,0.8740458015267175
18,0.1,HYP,0,0.9008438818565401
18,0.05,NORM,1,0.9667705088265836
18,0.05,NORM,0,0.9430962343096234
18,0.05,MI,1,0.9363636363636364
18,0.05,MI,0,0.9458955223880597
18,0.05,STTC,1,0.9174664107485605
18,0.05,STTC,0,0.9627367135003054
18,0.05,CD,1,0.9455645161290323
18,0.05,CD,0,0.9608904933814681
18,0.05,HYP,1,0.9198473282442748
18,0.05,HYP,0,0.9604430379746836
19,0.1,NORM,1,0.8982346832814122
19,0.1,NORM,0,0.8811715481171548
19,0.1,MI,1,0.8945454545454545
19,0.1,MI,0,0.8942786069651741
19,0.1,STTC,1,0.8522072936660269
19,0.1,STTC,0,0.9059254734270006
19,0.1,CD,1,0.9032258064516129
19,0.1,CD,0,0.8965102286401926
19,0.1,HYP,1,0.8778625954198473
19,0.1,HYP,0,0.8881856540084389
19,0.05,NORM,1,0.9491173416407062
19,0.05,NORM,0,0.9430962343096234
19,0.05,MI,1,0.9472727272727273
19,0.05,MI,0,0.9365671641791045
19,0.05,STTC,1,0.9174664107485605
19,0.05,STTC,0,0.9609040928527794
19,0.05,CD,1,0.9455645161290323
19,0.05,CD,0,0.9476534296028881
19,0.05,HYP,1,0.9389312977099237
19,0.05,HYP,0,0.9530590717299579
20,0.1,NORM,1,0.9086188992731049
20,0.1,NORM,0,0.8870292887029289
20,0.1,MI,1,0.8927272727272727
20,0.1,MI,0,0.8942786069651741
20,0.1,STTC,1,0.8541266794625719
20,0.1,STTC,0,0.9077580940745266
20,0.1,CD,1,0.8951612903225806
20,0.1,CD,0,0.9025270758122743
20,0.1,HYP,1,0.916030534351145
20,0.1,HYP,0,0.9045358649789029
20,0.05,NORM,1,0.9501557632398754
20,0.05,NORM,0,0.9472803347280335
20,0.05,MI,1,0.9490909090909091
20,0.05,MI,0,0.9365671641791045
20,0.05,STTC,1,0.9289827255278311
20,0.05,STTC,0,0.9621258399511301
20,0.05,CD,1,0.9415322580645161
20,0.05,CD,0,0.9645006016847172
20,0.05,HYP,1,0.9732824427480916
20,0.05,HYP,0,0.9541139240506329
21,0.1,NORM,1,0.9138110072689511
21,0.1,NORM,0,0.9154811715481171
21,0.1,MI,1,0.9127272727272727
21,0.1,MI,0,0.8893034825870647
21,0.1,STTC,1,0.9097888675623801
21,0.1,STTC,0,0.9108124618204032
21,0.1,CD,1,0.8669354838709677
21,0.1,CD,0,0.8965102286401926
21,0.1,HYP,1,0.8778625954198473
21,0.1,HYP,0,0.8881856540084389
21,0.05,NORM,1,0.9501557632398754
21,0.05,NORM,0,0.9581589958158996
21,0.05,MI,1,0.9490909090909091
21,0.05,MI,0,0.9390547263681592
21,0.05,STTC,1,0.9500959692898272
21,0.05,STTC,0,0.9609040928527794
21,0.05,CD,1,0.9415322580645161
21,0.05,CD,0,0.9530685920577617
21,0.05,HYP,1,0.9732824427480916
21,0.05,HYP,0,0.9541139240506329
22,0.1,NORM,1,0.9086188992731049
22,0.1,NORM,0,0.8870292887029289
22,0.1,MI,1,0.9018181818181819
22,0.1,MI,0,0.8942786069651741
22,0.1,STTC,1,0.8637236084452975
22,0.1,STTC,0,0.9071472205253512
22,0.1,CD,1,0.9233870967741935
22,0.1,CD,0,0.898315282791817
22,0.1,HYP,1,0.8778625954198473
22,0.1,HYP,0,0.884493670886076
22,0.05,NORM,1,0.960539979231568
22,0.05,NORM,0,0.9506276150627615
22,0.05,MI,1,0.9490909090909091
22,0.05,MI,0,0.9365671641791045
22,0.05,STTC,1,0.9347408829174664
22,0.05,STTC,0,0.9627367135003054
22,0.05,CD,1,0.9596774193548387
22,0.05,CD,0,0.9632972322503008
22,0.05,HYP,1,0.9198473282442748
22,0.05,HYP,0,0.9367088607594937
23,0.1,NORM,1,0.8982346832814122
23,0.1,NORM,0,0.8803347280334728
23,0.1,MI,1,0.8963636363636364
23,0.1,MI,0,0.9085820895522388
23,0.1,STTC,1,0.8771593090211133
23,0.1,STTC,0,0.9114233353695785
23,0.1,CD,1,0.8951612903225806
23,0.1,CD,0,0.9025270758122743
23,0.1,HYP,1,0.9045801526717557
23,0.1,HYP,0,0.9029535864978903
23,0.05,NORM,1,0.9470404984423676
23,0.05,NORM,0,0.9447698744769875
23,0.05,MI,1,0.9472727272727273
23,0.05,MI,0,0.947139303482587
23,0.05,STTC,1,0.9424184261036468
23,0.05,STTC,0,0.9609040928527794
23,0.05,CD,1,0.9455645161290323
23,0.05,CD,0,0.9651022864019254
23,0.05,HYP,1,0.9732824427480916
23,0.05,HYP,0,0.9530590717299579
24,0.1,NORM,1,0.8982346832814122
24,0.1,NORM,0,0.8870292887029289
24,0.1,MI,1,0.8963636363636364
24,0.1,MI,0,0.8893034825870647
24,0.1,STTC,1,0.8637236084452975
24,0.1,STTC,0,0.9138668295662797
24,0.1,CD,1,0.9032258064516129
24,0.1,CD,0,0.9133574007220217
24,0.1,HYP,1,0.9198473282442748
24,0.1,HYP,0,0.8897679324894515
24,0.05,NORM,1,0.9387331256490135
24,0.05,NORM,0,0.9598326359832636
24,0.05,MI,1,0.9472727272727273
24,0.05,MI,0,0.9353233830845771
24,0.05,STTC,1,0.9289827255278311
24,0.05,STTC,0,0.9609040928527794
24,0.05,CD,1,0.9455645161290323
24,0.05,CD,0,0.96690734055355
24,0.05,HYP,1,0.9809160305343512
24,0.05,HYP,0,0.9520042194092827
25,0.1,NORM,1,0.9086188992731049
25,0.1,NORM,0,0.8811715481171548
25,0.1,MI,1,0.8909090909090909
25,0.1,MI,0,0.8973880597014925
25,0.1,STTC,1,0.8541266794625719
25,0.1,STTC,0,0.9108124618204032
25,0.1,CD,1,0.9092741935483871
25,0.1,CD,0,0.9133574007220217
25,0.1,HYP,1,0.9045801526717557
25,0.1,HYP,0,0.9055907172995781
25,0.05,NORM,1,0.9501557632398754
25,0.05,NORM,0,0.9430962343096234
25,0.05,MI,1,0.9472727272727273
25,0.05,MI,0,0.9365671641791045
25,0.05,STTC,1,0.9213051823416507
25,0.05,STTC,0,0.9627367135003054
25,0.05,CD,1,0.9455645161290323
25,0.05,CD,0,0.96690734055355
25,0.05,HYP,1,0.9541984732824428
25,0.05,HYP,0,0.9520042194092827
26,0.1,NORM,1,0.9138110072689511
26,0.1,NORM,0,0.8811715481171548
26,0.1,MI,1,0.8945454545454545
26,0.1,MI,0,0.8893034825870647
26,0.1,STTC,1,0.8541266794625719
26,0.1,STTC,0,0.9224190592547342
26,0.1,CD,1,0.8991935483870968
26,0.1,CD,0,0.9043321299638989
26,0.1,HYP,1,0.8740458015267175
26,0.1,HYP,0,0.9077004219409283
26,0.05,NORM,1,0.9615784008307373
26,0.05,NORM,0,0.9430962343096234
26,0.05,MI,1,0.9436363636363636
26,0.05,MI,0,0.9347014925373134
26,0.05,STTC,1,0.9213051823416507
26,0.05,STTC,0,0.9682345754428833
26,0.05,CD,1,0.9395161290322581
26,0.05,CD,0,0.9657039711191335
26,0.05,HYP,1,0.9389312977099237
26,0.05,HYP,0,0.9630801687763713
27,0.1,NORM,1,0.9138110072689511
27,0.1,NORM,0,0.8761506276150628
27,0.1,MI,1,0.8836363636363637
27,0.1,MI,0,0.8992537313432836
27,0.1,STTC,1,0.8675623800383877
27,0.1,STTC,0,0.9077580940745266
27,0.1,CD,1,0.9133064516129032
27,0.1,CD,0,0.9025270758122743
27,0.1,HYP,1,0.8740458015267175
27,0.1,HYP,0,0.9034810126582279
27,0.05,NORM,1,0.9667705088265836
27,0.05,NORM,0,0.9430962343096234
27,0.05,MI,1,0.94
27,0.05,MI,0,0.9409203980099502
27,0.05,STTC,1,0.9347408829174664
27,0.05,STTC,0,0.9566279780085523
27,0.05,CD,1,0.9475806451612904
27,0.05,CD,0,0.9608904933814681
27,0.05,HYP,1,0.9656488549618321
27,0.05,HYP,0,0.9541139240506329
28,0.1,NORM,1,0.9138110072689511
28,0.1,NORM,0,0.8786610878661087
28,0.1,MI,1,0.8945454545454545
28,0.1,MI,0,0.8942786069651741
28,0.1,STTC,1,0.8733205374280231
28,0.1,STTC,0,0.9138668295662797
28,0.1,CD,1,0.9233870967741935
28,0.1,CD,0,0.8959085439229844
28,0.1,HYP,1,0.8778625954198473
28,0.1,HYP,0,0.890295358649789
28,0.05,NORM,1,0.9615784008307373
28,0.05,NORM,0,0.9430962343096234
28,0.05,MI,1,0.94
28,0.05,MI,0,0.9353233830845771
28,0.05,STTC,1,0.9385796545105566
28,0.05,STTC,0,0.9731215638362859
28,0.05,CD,1,0.9536290322580645
28,0.05,CD,0,0.9590854392298436
28,0.05,HYP,1,0.9732824427480916
28,0.05,HYP,0,0.9556962025316456
29,0.1,NORM,1,0.9117341640706127
29,0.1,NORM,0,0.8786610878661087
29,0.1,MI,1,0.8836363636363637
29,0.1,MI,0,0.8961442786069652
29,0.1,STTC,1,0.8675623800383877
29,0.1,STTC,0,0.9211973121563837
29,0.1,CD,1,0.9012096774193549
29,0.1,CD,0,0.8959085439229844
29,0.1,HYP,1,0.9198473282442748
29,0.1,HYP,0,0.9145569620253164
29,0.05,NORM,1,0.9626168224299065
29,0.05,NORM,0,0.9430962343096234
29,0.05,MI,1,0.9127272727272727
29,0.05,MI,0,0.9458955223880597
29,0.05,STTC,1,0.9213051823416507
29,0.05,STTC,0,0.9627367135003054
29,0.05,CD,1,0.9475806451612904
29,0.05,CD,0,0.9596871239470517
29,0.05,HYP,1,0.9732824427480916
29,0.05,HYP,0,0.9593881856540084
30,0.1,NORM,1,0.9138110072689511
30,0.1,NORM,0,0.8669456066945607
30,0.1,MI,1,0.889090909090909
30,0.1,MI,0,0.8893034825870647
30,0.1,STTC,1,0.8771593090211133
30,0.1,STTC,0,0.9114233353695785
30,0.1,CD,1,0.9032258064516129
30,0.1,CD,0,0.9043321299638989
30,0.1,HYP,1,0.8740458015267175
30,0.1,HYP,0,0.9082278481012658
30,0.05,NORM,1,0.9584631360332295
30,0.05,NORM,0,0.9430962343096234
30,0.05,MI,1,0.9436363636363636
30,0.05,MI,0,0.9477611940298507
30,0.05,STTC,1,0.9289827255278311
30,0.05,STTC,0,0.9621258399511301
30,0.05,CD,1,0.9455645161290323
30,0.05,CD,0,0.96690734055355
30,0.05,HYP,1,0.9732824427480916
30,0.05,HYP,0,0.9604430379746836
31,0.1,NORM,1,0.9231568016614745
31,0.1,NORM,0,0.8736401673640167
31,0.1,MI,1,0.8618181818181818
31,0.1,MI,0,0.9054726368159204
31,0.1,STTC,1,0.8733205374280231
31,0.1,STTC,0,0.9126450824679292
31,0.1,CD,1,0.9032258064516129
31,0.1,CD,0,0.8995186522262335
31,0.1,HYP,1,0.9045801526717557
31,0.1,HYP,0,0.9077004219409283
31,0.05,NORM,1,0.9667705088265836
31,0.05,NORM,0,0.9389121338912134
31,0.05,MI,1,0.94
31,0.05,MI,0,0.9490049751243781
31,0.05,STTC,1,0.9424184261036468
31,0.05,STTC,0,0.9609040928527794
31,0.05,CD,1,0.9415322580645161
31,0.05,CD,0,0.9596871239470517
31,0.05,HYP,1,0.9427480916030534
31,0.05,HYP,0,0.9567510548523207
32,0.1,NORM,1,0.897196261682243
32,0.1,NORM,0,0.8794979079497908
32,0.1,MI,1,0.8945454545454545
32,0.1,MI,0,0.9054726368159204
32,0.1,STTC,1,0.8733205374280231
32,0.1,STTC,0,0.9077580940745266
32,0.1,CD,1,0.9032258064516129
32,0.1,CD,0,0.8965102286401926
32,0.1,HYP,1,0.916030534351145
32,0.1,HYP,0,0.8881856540084389
32,0.05,NORM,1,0.9470404984423676
32,0.05,NORM,0,0.9430962343096234
32,0.05,MI,1,0.9490909090909091
32,0.05,MI,0,0.9390547263681592
32,0.05,STTC,1,0.9174664107485605
32,0.05,STTC,0,0.9639584605986561
32,0.05,CD,1,0.9475806451612904
32,0.05,CD,0,0.95367027677497
32,0.05,HYP,1,0.9732824427480916
32,0.05,HYP,0,0.9520042194092827
33,0.1,NORM,1,0.9106957424714434
33,0.1,NORM,0,0.896234309623431
33,0.1,MI,1,0.889090909090909
33,0.1,MI,0,0.9054726368159204
33,0.1,STTC,1,0.8637236084452975
33,0.1,STTC,0,0.9108124618204032
33,0.1,CD,1,0.9133064516129032
33,0.1,CD,0,0.9085439229843562
33,0.1,HYP,1,0.916030534351145
33,0.1,HYP,0,0.9034810126582279
33,0.05,NORM,1,0.9501557632398754
33,0.05,NORM,0,0.9472803347280335
33,0.05,MI,1,0.9472727272727273
33,0.05,MI,0,0.9458955223880597
33,0.05,STTC,1,0.9213051823416507
33,0.05,STTC,0,0.9602932193036041
33,0.05,CD,1,0.9475806451612904
33,0.05,CD,0,0.9596871239470517
33,0.05,HYP,1,0.9732824427480916
33,0.05,HYP,0,0.9556962025316456
34,0.1,NORM,1,0.9034267912772586
34,0.1,NORM,0,0.8761506276150628
34,0.1,MI,1,0.8909090909090909
34,0.1,MI,0,0.8942786069651741
34,0.1,STTC,1,0.8675623800383877
34,0.1,STTC,0,0.9156994502138057
34,0.1,CD,1,0.8951612903225806
34,0.1,CD,0,0.901323706377858
34,0.1,HYP,1,0.8740458015267175
34,0.1,HYP,0,0.890295358649789
34,0.05,NORM,1,0.9501557632398754
34,0.05,NORM,0,0.9389121338912134
34,0.05,MI,1,0.9472727272727273
34,0.05,MI,0,0.9347014925373134
34,0.05,STTC,1,0.944337811900192
34,0.05,STTC,0,0.9621258399511301
34,0.05,CD,1,0.9455645161290323
34,0.05,CD,0,0.9608904933814681
34,0.05,HYP,1,0.9389312977099237
34,0.05,HYP,0,0.9493670886075949
35,0.1,NORM,1,0.9190031152647975
35,0.1,NORM,0,0.8786610878661087
35,0.1,MI,1,0.9018181818181819
35,0.1,MI,0,0.8936567164179104
35,0.1,STTC,1,0.8752399232245681
35,0.1,STTC,0,0.9156994502138057
35,0.1,CD,1,0.9092741935483871
35,0.1,CD,0,0.8959085439229844
35,0.1,HYP,1,0.9045801526717557
35,0.1,HYP,0,0.9034810126582279
35,0.05,NORM,1,0.9667705088265836
35,0.05,NORM,0,0.9439330543933054
35,0.05,MI,1,0.9472727272727273
35,0.05,MI,0,0.9384328358208955
35,0.05,STTC,1,0.944337811900192
35,0.05,STTC,0,0.9621258399511301
35,0.05,CD,1,0.9455645161290323
35,0.05,CD,0,0.95367027677497
35,0.05,HYP,1,0.9389312977099237
35,0.05,HYP,0,0.9541139240506329
36,0.1,NORM,1,0.9065420560747663
36,0.1,NORM,0,0.8778242677824267
36,0.1,MI,1,0.889090909090909
36,0.1,MI,0,0.8893034825870647
36,0.1,STTC,1,0.8637236084452975
36,0.1,STTC,0,0.9114233353695785
36,0.1,CD,1,0.9092741935483871
36,0.1,CD,0,0.9133574007220217
36,0.1,HYP,1,0.9045801526717557
36,0.1,HYP,0,0.9034810126582279
36,0.05,NORM,1,0.9501557632398754
36,0.05,NORM,0,0.9280334728033472
36,0.05,MI,1,0.9472727272727273
36,0.05,MI,0,0.9353233830845771
36,0.05,STTC,1,0.9289827255278311
36,0.05,STTC,0,0.9566279780085523
36,0.05,CD,1,0.9475806451612904
36,0.05,CD,0,0.9608904933814681
36,0.05,HYP,1,0.9427480916030534
36,0.05,HYP,0,0.9556962025316456
37,0.1,NORM,1,0.9138110072689511
37,0.1,NORM,0,0.8778242677824267
37,0.1,MI,1,0.8945454545454545
37,0.1,MI,0,0.900497512437811
37,0.1,STTC,1,0.8733205374280231
37,0.1,STTC,0,0.9138668295662797
37,0.1,CD,1,0.8629032258064516
37,0.1,CD,0,0.8965102286401926
37,0.1,HYP,1,0.9045801526717557
37,0.1,HYP,0,0.9045358649789029
37,0.05,NORM,1,0.9584631360332295
37,0.05,NORM,0,0.9389121338912134
37,0.05,MI,1,0.9472727272727273
37,0.05,MI,0,0.9477611940298507
37,0.05,STTC,1,0.9424184261036468
37,0.05,STTC,0,0.9590714722052535
37,0.05,CD,1,0.9334677419354839
37,0.05,CD,0,0.9608904933814681
37,0.05,HYP,1,0.9732824427480916
37,0.05,HYP,0,0.9541139240506329
38,0.1,NORM,1,0.9169262720664589
38,0.1,NORM,0,0.8669456066945607
38,0.1,MI,1,0.8872727272727273
38,0.1,MI,0,0.8942786069651741
38,0.1,STTC,1,0.8675623800383877
38,0.1,STTC,0,0.9138668295662797
38,0.1,CD,1,0.9032258064516129
38,0.1,CD,0,0.8959085439229844
38,0.1,HYP,1,0.9045801526717557
38,0.1,HYP,0,0.9066455696202531
38,0.05,NORM,1,0.9667705088265836
38,0.05,NORM,0,0.9330543933054394
38,0.05,MI,1,0.9363636363636364
38,0.05,MI,0,0.9390547263681592
38,0.05,STTC,1,0.9309021113243762
38,0.05,STTC,0,0.9596823457544288
38,0.05,CD,1,0.9455645161290323
38,0.05,CD,0,0.9464500601684718
38,0.05,HYP,1,0.9274809160305344
38,0.05,HYP,0,0.9620253164556962
39,0.1,NORM,1,0.9034267912772586
39,0.1,NORM,0,0.8778242677824267
39,0.1,MI,1,0.889090909090909
39,0.1,MI,0,0.8936567164179104
39,0.1,STTC,1,0.8733205374280231
39,0.1,STTC,0,0.9077580940745266
39,0.1,CD,1,0.8830645161290323
39,0.1,CD,0,0.898315282791817
39,0.1,HYP,1,0.8740458015267175
39,0.1,HYP,0,0.8971518987341772
39,0.05,NORM,1,0.9501557632398754
39,0.05,NORM,0,0.9389121338912134
39,0.05,MI,1,0.9472727272727273
39,0.05,MI,0,0.9384328358208955
39,0.05,STTC,1,0.9289827255278311
39,0.05,STTC,0,0.9596823457544288
39,0.05,CD,1,0.9233870967741935
39,0.05,CD,0,0.9602888086642599
39,0.05,HYP,1,0.9541984732824428
39,0.05,HYP,0,0.9493670886075949
40,0.1,NORM,1,0.9117341640706127
40,0.1,NORM,0,0.8811715481171548
40,0.1,MI,1,0.8872727272727273
40,0.1,MI,0,0.8942786069651741
40,0.1,STTC,1,0.8982725527831094
40,0.1,STTC,0,0.9138668295662797
40,0.1,CD,1,0.9032258064516129
40,0.1,CD,0,0.8935018050541517
40,0.1,HYP,1,0.9045801526717557
40,0.1,HYP,0,0.8908227848101266
40,0.05,NORM,1,0.9491173416407062
40,0.05,NORM,0,0.9430962343096234
40,0.05,MI,1,0.94
40,0.05,MI,0,0.9384328358208955
40,0.05,STTC,1,0.9500959692898272
40,0.05,STTC,0,0.9609040928527794
40,0.05,CD,1,0.9455645161290323
40,0.05,CD,0,0.9542719614921781
40,0.05,HYP,1,0.9427480916030534
40,0.05,HYP,0,0.9530590717299579
41,0.1,NORM,1,0.9065420560747663
41,0.1,NORM,0,0.8761506276150628
41,0.1,MI,1,0.8927272727272727
41,0.1,MI,0,0.8893034825870647
41,0.1,STTC,1,0.8982725527831094
41,0.1,STTC,0,0.9071472205253512
41,0.1,CD,1,0.8891129032258065
41,0.1,CD,0,0.8989169675090253
41,0.1,HYP,1,0.9045801526717557
41,0.1,HYP,0,0.8839662447257384
41,0.05,NORM,1,0.9501557632398754
41,0.05,NORM,0,0.9430962343096234
41,0.05,MI,1,0.9472727272727273
41,0.05,MI,0,0.9409203980099502
41,0.05,STTC,1,0.9500959692898272
41,0.05,STTC,0,0.952351863164325
41,0.05,CD,1,0.9455645161290323
41,0.05,CD,0,0.9626955475330926
41,0.05,HYP,1,0.9732824427480916
41,0.05,HYP,0,0.939873417721519
42,0.1,NORM,1,0.9138110072689511
42,0.1,NORM,0,0.8870292887029289
42,0.1,MI,1,0.8945454545454545
42,0.1,MI,0,0.8893034825870647
42,0.1,STTC,1,0.8790786948176583
42,0.1,STTC,0,0.9077580940745266
42,0.1,CD,1,0.9092741935483871
42,0.1,CD,0,0.8965102286401926
42,0.1,HYP,1,0.9045801526717557
42,0.1,HYP,0,0.9034810126582279
42,0.05,NORM,1,0.9491173416407062
42,0.05,NORM,0,0.9489539748953975
42,0.05,MI,1,0.9472727272727273
42,0.05,MI,0,0.9347014925373134
42,0.05,STTC,1,0.944337811900192
42,0.05,STTC,0,0.9627367135003054
42,0.05,CD,1,0.9354838709677419
42,0.05,CD,0,0.9578820697954272
42,0.05,HYP,1,0.9656488549618321
42,0.05,HYP,0,0.9556962025316456
43,0.1,NORM,1,0.9106957424714434
43,0.1,NORM,0,0.8870292887029289
43,0.1,MI,1,0.8945454545454545
43,0.1,MI,0,0.8830845771144279
43,0.1,STTC,1,0.8522072936660269
43,0.1,STTC,0,0.919975565058033
43,0.1,CD,1,0.9133064516129032
43,0.1,CD,0,0.8953068592057761
43,0.1,HYP,1,0.9198473282442748
43,0.1,HYP,0,0.8971518987341772
43,0.05,NORM,1,0.9501557632398754
43,0.05,NORM,0,0.9430962343096234
43,0.05,MI,1,0.9472727272727273
43,0.05,MI,0,0.9347014925373134
43,0.05,STTC,1,0.8982725527831094
43,0.05,STTC,0,0.9682345754428833
43,0.05,CD,1,0.9475806451612904
43,0.05,CD,0,0.9542719614921781
43,0.05,HYP,1,0.9732824427480916
43,0.05,HYP,0,0.9572784810126582
44,0.1,NORM,1,0.9106957424714434
44,0.1,NORM,0,0.8761506276150628
44,0.1,MI,1,0.9018181818181819
44,0.1,MI,0,0.8893034825870647
44,0.1,STTC,1,0.8733205374280231
44,0.1,STTC,0,0.9211973121563837
44,0.1,CD,1,0.9133064516129032
44,0.1,CD,0,0.9043321299638989
44,0.1,HYP,1,0.8664122137404581
44,0.1,HYP,0,0.8982067510548524
44,0.05,NORM,1,0.9470404984423676
44,0.05,NORM,0,0.9330543933054394
44,0.05,MI,1,0.9472727272727273
44,0.05,MI,0,0.931592039800995
44,0.05,STTC,1,0.9347408829174664
44,0.05,STTC,0,0.9639584605986561
44,0.05,CD,1,0.9455645161290323
44,0.05,CD,0,0.9608904933814681
44,0.05,HYP,1,0.9274809160305344
44,0.05,HYP,0,0.9520042194092827
45,0.1,NORM,1,0.8982346832814122
45,0.1,NORM,0,0.897907949790795
45,0.1,MI,1,0.9127272727272727
45,0.1,MI,0,0.8961442786069652
45,0.1,STTC,1,0.8733205374280231
45,0.1,STTC,0,0.9108124618204032
45,0.1,CD,1,0.9032258064516129
45,0.1,CD,0,0.9127557160048135
45,0.1,HYP,1,0.916030534351145
45,0.1,HYP,0,0.9034810126582279
45,0.05,NORM,1,0.9491173416407062
45,0.05,NORM,0,0.9489539748953975
45,0.05,MI,1,0.9490909090909091
45,0.05,MI,0,0.9384328358208955
45,0.05,STTC,1,0.9500959692898272
45,0.05,STTC,0,0.9688454489920586
45,0.05,CD,1,0.9455645161290323
45,0.05,CD,0,0.9608904933814681
45,0.05,HYP,1,0.9656488549618321
45,0.05,HYP,0,0.9593881856540084
46,0.1,NORM,1,0.9138110072689511
46,0.1,NORM,0,0.8728033472803347
46,0.1,MI,1,0.8945454545454545
46,0.1,MI,0,0.8893034825870647
46,0.1,STTC,1,0.8733205374280231
46,0.1,STTC,0,0.9187538179596824
46,0.1,CD,1,0.8850806451612904
46,0.1,CD,0,0.9127557160048135
46,0.1,HYP,1,0.8778625954198473
46,0.1,HYP,0,0.9055907172995781
46,0.05,NORM,1,0.960539979231568
46,0.05,NORM,0,0.9389121338912134
46,0.05,MI,1,0.9436363636363636
46,0.05,MI,0,0.9384328358208955
46,0.05,STTC,1,0.9347408829174664
46,0.05,STTC,0,0.9602932193036041
46,0.05,CD,1,0.9233870967741935
46,0.05,CD,0,0.9614921780986763
46,0.05,HYP,1,0.9198473282442748
46,0.05,HYP,0,0.9562236286919831
47,0.1,NORM,1,0.9106957424714434
47,0.1,NORM,0,0.8794979079497908
47,0.1,MI,1,0.889090909090909
47,0.1,MI,0,0.8799751243781094
47,0.1,STTC,1,0.8733205374280231
47,0.1,STTC,0,0.9114233353695785
47,0.1,CD,1,0.8931451612903226
47,0.1,CD,0,0.8965102286401926
47,0.1,HYP,1,0.8740458015267175
47,0.1,HYP,0,0.9071729957805907
47,0.05,NORM,1,0.9615784008307373
47,0.05,NORM,0,0.9447698744769875
47,0.05,MI,1,0.9472727272727273
47,0.05,MI,0,0.9241293532338308
47,0.05,STTC,1,0.9347408829174664
47,0.05,STTC,0,0.967623701893708
47,0.05,CD,1,0.9475806451612904
47,0.05,CD,0,0.9602888086642599
47,0.05,HYP,1,0.9427480916030534
47,0.05,HYP,0,0.9567510548523207
48,0.1,NORM,1,0.9138110072689511
48,0.1,NORM,0,0.8870292887029289
48,0.1,MI,1,0.9054545454545454
48,0.1,MI,0,0.8961442786069652
48,0.1,STTC,1,0.8752399232245681
48,0.1,STTC,0,0.9004276114844227
48,0.1,CD,1,0.8870967741935484
48,0.1,CD,0,0.8959085439229844
48,0.1,HYP,1,0.8778625954198473
48,0.1,HYP,0,0.890295358649789
48,0.05,NORM,1,0.9501557632398754
48,0.05,NORM,0,0.9464435146443515
48,0.05,MI,1,0.9490909090909091
48,0.05,MI,0,0.9390547263681592
48,0.05,STTC,1,0.9385796545105566
48,0.05,STTC,0,0.9602932193036041
48,0.05,CD,1,0.9576612903225806
48,0.05,CD,0,0.9512635379061372
48,0.05,HYP,1,0.9656488549618321
48,0.05,HYP,0,0.9525316455696202
49,0.1,NORM,1,0.9106957424714434
49,0.1,NORM,0,0.8870292887029289
49,0.1,MI,1,0.889090909090909
49,0.1,MI,0,0.8942786069651741
49,0.1,STTC,1,0.8771593090211133
49,0.1,STTC,0,0.9236408063530849
49,0.1,CD,1,0.9133064516129032
49,0.1,CD,0,0.8995186522262335
49,0.1,HYP,1,0.8778625954198473
49,0.1,HYP,0,0.9045358649789029
49,0.05,NORM,1,0.9595015576323987
49,0.05,NORM,0,0.9489539748953975
49,0.05,MI,1,0.9490909090909091
49,0.05,MI,0,0.9353233830845771
49,0.05,STTC,1,0.944337811900192
49,0.05,STTC,0,0.9682345754428833
49,0.05,CD,1,0.9455645161290323
49,0.05,CD,0,0.9608904933814681
49,0.05,HYP,1,0.9427480916030534
49,0.05,HYP,0,0.9562236286919831
50,0.1,NORM,1,0.9034267912772586
50,0.1,NORM,0,0.8778242677824267
50,0.1,MI,1,0.8945454545454545
50,0.1,MI,0,0.8824626865671642
50,0.1,STTC,1,0.8637236084452975
50,0.1,STTC,0,0.919975565058033
50,0.1,CD,1,0.9032258064516129
50,0.1,CD,0,0.9043321299638989
50,0.1,HYP,1,0.916030534351145
50,0.1,HYP,0,0.8997890295358649
50,0.05,NORM,1,0.9501557632398754
50,0.05,NORM,0,0.9447698744769875
50,0.05,MI,1,0.9436363636363636
50,0.05,MI,0,0.9347014925373134
50,0.05,STTC,1,0.9136276391554703
50,0.05,STTC,0,0.9664019547953574
50,0.05,CD,1,0.9455645161290323
50,0.05,CD,0,0.9608904933814681
50,0.05,HYP,1,0.9541984732824428
50,0.05,HYP,0,0.9541139240506329
51,0.1,NORM,1,0.9283489096573209
51,0.1,NORM,0,0.8761506276150628
51,0.1,MI,1,0.8945454545454545
51,0.1,MI,0,0.8973880597014925
51,0.1,STTC,1,0.8771593090211133
51,0.1,STTC,0,0.919975565058033
51,0.1,CD,1,0.8790322580645161
51,0.1,CD,0,0.9025270758122743
51,0.1,HYP,1,0.9045801526717557
51,0.1,HYP,0,0.8982067510548524
51,0.05,NORM,1,0.9667705088265836
51,0.05,NORM,0,0.9439330543933054
51,0.05,MI,1,0.9472727272727273
51,0.05,MI,0,0.9458955223880597
51,0.05,STTC,1,0.9385796545105566
51,0.05,STTC,0,0.9664019547953574
51,0.05,CD,1,0.9455645161290323
51,0.05,CD,0,0.9602888086642599
51,0.05,HYP,1,0.9732824427480916
51,0.05,HYP,0,0.9546413502109705
52,0.1,NORM,1,0.9106957424714434
52,0.1,NORM,0,0.8811715481171548
52,0.1,MI,1,0.889090909090909
52,0.1,MI,0,0.8855721393034826
52,0.1,STTC,1,0.8637236084452975
52,0.1,STTC,0,0.9077580940745266
52,0.1,CD,1,0.9193548387096774
52,0.1,CD,0,0.8892900120336944
52,0.1,HYP,1,0.8778625954198473
52,0.1,HYP,0,0.8860759493670886
52,0.05,NORM,1,0.9501557632398754
52,0.05,NORM,0,0.9430962343096234
52,0.05,MI,1,0.9472727272727273
52,0.05,MI,0,0.9347014925373134
52,0.05,STTC,1,0.9289827255278311
52,0.05,STTC,0,0.9590714722052535
52,0.05,CD,1,0.9536290322580645
52,0.05,CD,0,0.9464500601684718
52,0.05,HYP,1,0.9427480916030534
52,0.05,HYP,0,0.9367088607594937
53,0.1,NORM,1,0.9241952232606438
53,0.1,NORM,0,0.8811715481171548
53,0.1,MI,1,0.8927272727272727
53,0.1,MI,0,0.8942786069651741
53,0.1,STTC,1,0.8675623800383877
53,0.1,STTC,0,0.9224190592547342
53,0.1,CD,1,0.9133064516129032
53,0.1,CD,0,0.9175691937424789
53,0.1,HYP,1,0.9045801526717557
53,0.1,HYP,0,0.9113924050632911
53,0.05,NORM,1,0.960539979231568
53,0.05,NORM,0,0.9439330543933054
53,0.05,MI,1,0.9472727272727273
53,0.05,MI,0,0.9384328358208955
53,0.05,STTC,1,0.9289827255278311
53,0.05,STTC,0,0.9706780696395846
53,0.05,CD,1,0.9475806451612904
53,0.05,CD,0,0.9645006016847172
53,0.05,HYP,1,0.9274809160305344
53,0.05,HYP,0,0.9620253164556962
54,0.1,NORM,1,0.9138110072689511
54,0.1,NORM,0,0.8870292887029289
54,0.1,MI,1,0.889090909090909
54,0.1,MI,0,0.8973880597014925
54,0.1,STTC,1,0.8522072936660269
54,0.1,STTC,0,0.9108124618204032
54,0.1,CD,1,0.8951612903225806
54,0.1,CD,0,0.907942238267148
54,0.1,HYP,1,0.8778625954198473
54,0.1,HYP,0,0.8997890295358649
54,0.05,NORM,1,0.960539979231568
54,0.05,NORM,0,0.9464435146443515
54,0.05,MI,1,0.9436363636363636
54,0.05,MI,0,0.9384328358208955
54,0.05,STTC,1,0.9174664107485605
54,0.05,STTC,0,0.967623701893708
54,0.05,CD,1,0.9455645161290323
54,0.05,CD,0,0.9638989169675091
54,0.05,HYP,1,0.9427480916030534
54,0.05,HYP,0,0.9530590717299579
55,0.1,NORM,1,0.9138110072689511
55,0.1,NORM,0,0.8744769874476988
55,0.1,MI,1,0.9018181818181819
55,0.1,MI,0,0.8930348258706468
55,0.1,STTC,1,0.8522072936660269
55,0.1,STTC,0,0.9236408063530849
55,0.1,CD,1,0.8951612903225806
55,0.1,CD,0,0.9133574007220217
55,0.1,HYP,1,0.8778625954198473
55,0.1,HYP,0,0.9034810126582279
55,0.05,NORM,1,0.9501557632398754
55,0.05,NORM,0,0.9330543933054394
55,0.05,MI,1,0.9472727272727273
55,0.05,MI,0,0.9365671641791045
55,0.05,STTC,1,0.9136276391554703
55,0.05,STTC,0,0.9694563225412339
55,0.05,CD,1,0.9334677419354839
55,0.05,CD,0,0.9626955475330926
55,0.05,HYP,1,0.9198473282442748
55,0.05,HYP,0,0.9541139240506329
56,0.1,NORM,1,0.9138110072689511
56,0.1,NORM,0,0.8786610878661087
56,0.1,MI,1,0.8909090909090909
56,0.1,MI,0,0.8893034825870647
56,0.1,STTC,1,0.8752399232245681
56,0.1,STTC,0,0.9187538179596824
56,0.1,CD,1,0.8891129032258065
56,0.1,CD,0,0.8886883273164862
56,0.1,HYP,1,0.9198473282442748
56,0.1,HYP,0,0.8997890295358649
56,0.05,NORM,1,0.960539979231568
56,0.05,NORM,0,0.9506276150627615
56,0.05,MI,1,0.9472727272727273
56,0.05,MI,0,0.9458955223880597
56,0.05,STTC,1,0.9347408829174664
56,0.05,STTC,0,0.9651802076970067
56,0.05,CD,1,0.9455645161290323
56,0.05,CD,0,0.9512635379061372
56,0.05,HYP,1,0.9809160305343512
56,0.05,HYP,0,0.9525316455696202
57,0.1,NORM,1,0.9065420560747663
57,0.1,NORM,0,0.8786610878661087
57,0.1,MI,1,0.8945454545454545
57,0.1,MI,0,0.8942786069651741
57,0.1,STTC,1,0.8637236084452975
57,0.1,STTC,0,0.9077580940745266
57,0.1,CD,1,0.905241935483871
57,0.1,CD,0,0.8959085439229844
57,0.1,HYP,1,0.8778625954198473
57,0.1,HYP,0,0.8982067510548524
57,0.05,NORM,1,0.9584631360332295
57,0.05,NORM,0,0.9430962343096234
57,0.05,MI,1,0.9472727272727273
57,0.05,MI,0,0.9359452736318408
57,0.05,STTC,1,0.9500959692898272
57,0.05,STTC,0,0.9609040928527794
57,0.05,CD,1,0.9455645161290323
57,0.05,CD,0,0.9476534296028881
57,0.05,HYP,1,0.9274809160305344
57,0.05,HYP,0,0.9556962025316456
58,0.1,NORM,1,0.8982346832814122
58,0.1,NORM,0,0.8786610878661087
58,0.1,MI,1,0.8909090909090909
58,0.1,MI,0,0.8992537313432836
58,0.1,STTC,1,0.8637236084452975
58,0.1,STTC,0,0.9071472205253512
58,0.1,CD,1,0.9012096774193549
58,0.1,CD,0,0.8929001203369434
58,0.1,HYP,1,0.9045801526717557
58,0.1,HYP,0,0.9071729957805907
58,0.05,NORM,1,0.9501557632398754
58,0.05,NORM,0,0.9430962343096234
58,0.05,MI,1,0.9436363636363636
58,0.05,MI,0,0.9409203980099502
58,0.05,STTC,1,0.9347408829174664
58,0.05,STTC,0,0.9706780696395846
58,0.05,CD,1,0.9415322580645161
58,0.05,CD,0,0.9512635379061372
58,0.05,HYP,1,0.9656488549618321
58,0.05,HYP,0,0.9546413502109705
59,0.1,NORM,1,0.9138110072689511
59,0.1,NORM,0,0.8870292887029289
59,0.1,MI,1,0.9018181818181819
59,0.1,MI,0,0.8849502487562189
59,0.1,STTC,1,0.8733205374280231
59,0.1,STTC,0,0.9126450824679292
59,0.1,CD,1,0.8608870967741935
59,0.1,CD,0,0.9043321299638989
59,0.1,HYP,1,0.8778625954198473
59,0.1,HYP,0,0.9061181434599156
59,0.05,NORM,1,0.9626168224299065
59,0.05,NORM,0,0.9430962343096234
59,0.05,MI,1,0.9490909090909091
59,0.05,MI,0,0.9384328358208955
59,0.05,STTC,1,0.9347408829174664
59,0.05,STTC,0,0.9554062309102016
59,0.05,CD,1,0.9455645161290323
59,0.05,CD,0,0.9596871239470517
59,0.05,HYP,1,0.9541984732824428
59,0.05,HYP,0,0.9593881856540084
60,0.1,NORM,1,0.9117341640706127
60,0.1,NORM,0,0.8761506276150628
60,0.1,MI,1,0.889090909090909
60,0.1,MI,0,0.8942786069651741
60,0.1,STTC,1,0.8637236084452975
60,0.1,STTC,0,0.919975565058033
60,0.1,CD,1,0.9092741935483871
60,0.1,CD,0,0.8935018050541517
60,0.1,HYP,1,0.8778625954198473
60,0.1,HYP,0,0.890295358649789
60,0.05,NORM,1,0.960539979231568
60,0.05,NORM,0,0.9430962343096234
60,0.05,MI,1,0.9327272727272727
60,0.05,MI,0,0.9365671641791045
60,0.05,STTC,1,0.9213051823416507
60,0.05,STTC,0,0.9651802076970067
60,0.05,CD,1,0.9354838709677419
60,0.05,CD,0,0.9434416365824309
60,0.05,HYP,1,0.9541984732824428
60,0.05,HYP,0,0.9493670886075949
61,0.1,NORM,1,0.9169262720664589
61,0.1,NORM,0,0.8778242677824267
61,0.1,MI,1,0.8945454545454545
61,0.1,MI,0,0.8812189054726368
61,0.1,STTC,1,0.8752399232245681
61,0.1,STTC,0,0.9138668295662797
61,0.1,CD,1,0.9092741935483871
61,0.1,CD,0,0.9151624548736462
61,0.1,HYP,1,0.9045801526717557
61,0.1,HYP,0,0.890295358649789
61,0.05,NORM,1,0.960539979231568
61,0.05,NORM,0,0.9430962343096234
61,0.05,MI,1,0.9472727272727273
61,0.05,MI,0,0.9303482587064676
61,0.05,STTC,1,0.9385796545105566
61,0.05,STTC,0,0.9627367135003054
61,0.05,CD,1,0.9475806451612904
61,0.05,CD,0,0.9675090252707581
61,0.05,HYP,1,0.9656488549618321
61,0.05,HYP,0,0.9525316455696202
62,0.1,NORM,1,0.9106957424714434
62,0.1,NORM,0,0.8786610878661087
62,0.1,MI,1,0.8945454545454545
62,0.1,MI,0,0.9054726368159204
62,0.1,STTC,1,0.8675623800383877
62,0.1,STTC,0,0.9138668295662797
62,0.1,CD,1,0.9133064516129032
62,0.1,CD,0,0.8959085439229844
62,0.1,HYP,1,0.8740458015267175
62,0.1,HYP,0,0.8866033755274262
62,0.05,NORM,1,0.9595015576323987
62,0.05,NORM,0,0.9489539748953975
62,0.05,MI,1,0.94
62,0.05,MI,0,0.9458955223880597
62,0.05,STTC,1,0.9309021113243762
62,0.05,STTC,0,0.9627367135003054
62,0.05,CD,1,0.9495967741935484
62,0.05,CD,0,0.9542719614921781
62,0.05,HYP,1,0.9198473282442748
62,0.05,HYP,0,0.9520042194092827
63,0.1,NORM,1,0.9086188992731049
63,0.1,NORM,0,0.8778242677824267
63,0.1,MI,1,0.889090909090909
63,0.1,MI,0,0.9036069651741293
63,0.1,STTC,1,0.8522072936660269
63,0.1,STTC,0,0.9156994502138057
63,0.1,CD,1,0.9092741935483871
63,0.1,CD,0,0.9133574007220217
63,0.1,HYP,1,0.9045801526717557
63,0.1,HYP,0,0.8997890295358649
63,0.05,NORM,1,0.9491173416407062
63,0.05,NORM,0,0.9330543933054394
63,0.05,MI,1,0.9436363636363636
63,0.05,MI,0,0.945273631840796
63,0.05,STTC,1,0.9213051823416507
63,0.05,STTC,0,0.9651802076970067
63,0.05,CD,1,0.9475806451612904
63,0.05,CD,0,0.9645006016847172
63,0.05,HYP,1,0.9389312977099237
63,0.05,HYP,0,0.9520042194092827
64,0.1,NORM,1,0.9065420560747663
64,0.1,NORM,0,0.8761506276150628
64,0.1,MI,1,0.88
64,0.1,MI,0,0.8986318407960199
64,0.1,STTC,1,0.8752399232245681
64,0.1,STTC,0,0.9114233353695785
64,0.1,CD,1,0.8911290322580645
64,0.1,CD,0,0.898315282791817
64,0.1,HYP,1,0.8740458015267175
64,0.1,HYP,0,0.9045358649789029
64,0.05,NORM,1,0.9491173416407062
64,0.05,NORM,0,0.9430962343096234
64,0.05,MI,1,0.94
64,0.05,MI,0,0.9409203980099502
64,0.05,STTC,1,0.9385796545105566
64,0.05,STTC,0,0.9609040928527794
64,0.05,CD,1,0.9354838709677419
64,0.05,CD,0,0.95367027677497
64,0.05,HYP,1,0.9427480916030534
64,0.05,HYP,0,0.9530590717299579
65,0.1,NORM,1,0.9106957424714434
65,0.1,NORM,0,0.8811715481171548
65,0.1,MI,1,0.9127272727272727
65,0.1,MI,0,0.8930348258706468
65,0.1,STTC,1,0.8310940499040307
65,0.1,STTC,0,0.9108124618204032
65,0.1,CD,1,0.8911290322580645
65,0.1,CD,0,0.8995186522262335
65,0.1,HYP,1,0.9045801526717557
65,0.1,HYP,0,0.890295358649789
65,0.05,NORM,1,0.9470404984423676
65,0.05,NORM,0,0.9464435146443515
65,0.05,MI,1,0.9490909090909091
65,0.05,MI,0,0.9334577114427861
65,0.05,STTC,1,0.8771593090211133
65,0.05,STTC,0,0.9609040928527794
65,0.05,CD,1,0.9334677419354839
65,0.05,CD,0,0.9602888086642599
65,0.05,HYP,1,0.9656488549618321
65,0.05,HYP,0,0.9562236286919831
66,0.1,NORM,1,0.9065420560747663
66,0.1,NORM,0,0.8786610878661087
66,0.1,MI,1,0.8909090909090909
66,0.1,MI,0,0.8942786069651741
66,0.1,STTC,1,0.8733205374280231
66,0.1,STTC,0,0.902871105681124
66,0.1,CD,1,0.8790322580645161
66,0.1,CD,0,0.9139590854392299
66,0.1,HYP,1,0.9274809160305344
66,0.1,HYP,0,0.8860759493670886
66,0.05,NORM,1,0.9501557632398754
66,0.05,NORM,0,0.9389121338912134
66,0.05,MI,1,0.9363636363636364
66,0.05,MI,0,0.9384328358208955
66,0.05,STTC,1,0.9385796545105566
66,0.05,STTC,0,0.9596823457544288
66,0.05,CD,1,0.9233870967741935
66,0.05,CD,0,0.96690734055355
66,0.05,HYP,1,0.9732824427480916
66,0.05,HYP,0,0.9530590717299579
67,0.1,NORM,1,0.9117341640706127
67,0.1,NORM,0,0.891213389121339
67,0.1,MI,1,0.8927272727272727
67,0.1,MI,0,0.8843283582089553
67,0.1,STTC,1,0.8733205374280231
67,0.1,STTC,0,0.9010384850335981
67,0.1,CD,1,0.9032258064516129
67,0.1,CD,0,0.9043321299638989
67,0.1,HYP,1,0.9198473282442748
67,0.1,HYP,0,0.9034810126582279
67,0.05,NORM,1,0.960539979231568
67,0.05,NORM,0,0.9464435146443515
67,0.05,MI,1,0.9345454545454546
67,0.05,MI,0,0.9347014925373134
67,0.05,STTC,1,0.9213051823416507
67,0.05,STTC,0,0.9535736102626756
67,0.05,CD,1,0.9455645161290323
67,0.05,CD,0,0.9608904933814681
67,0.05,HYP,1,0.9656488549618321
67,0.05,HYP,0,0.9562236286919831
68,0.1,NORM,1,0.9086188992731049
68,0.1,NORM,0,0.8903765690376569
68,0.1,MI,1,0.9054545454545454
68,0.1,MI,0,0.8992537313432836
68,0.1,STTC,1,0.8752399232245681
68,0.1,STTC,0,0.9126450824679292
68,0.1,CD,1,0.8891129032258065
68,0.1,CD,0,0.9133574007220217
68,0.1,HYP,1,0.8778625954198473
68,0.1,HYP,0,0.8982067510548524
68,0.05,NORM,1,0.960539979231568
68,0.05,NORM,0,0.9430962343096234
68,0.05,MI,1,0.9490909090909091
68,0.05,MI,0,0.9458955223880597
68,0.05,STTC,1,0.9309021113243762
68,0.05,STTC,0,0.9627367135003054
68,0.05,CD,1,0.9334677419354839
68,0.05,CD,0,0.9657039711191335
68,0.05,HYP,1,0.9427480916030534
68,0.05,HYP,0,0.9556962025316456
69,0.1,NORM,1,0.9241952232606438
69,0.1,NORM,0,0.8694560669456067
69,0.1,MI,1,0.8836363636363637
69,0.1,MI,0,0.8893034825870647
69,0.1,STTC,1,0.8522072936660269
69,0.1,STTC,0,0.919975565058033
69,0.1,CD,1,0.9032258064516129
69,0.1,CD,0,0.898315282791817
69,0.1,HYP,1,0.9045801526717557
69,0.1,HYP,0,0.8860759493670886
69,0.05,NORM,1,0.9667705088265836
69,0.05,NORM,0,0.9330543933054394
69,0.05,MI,1,0.9127272727272727
69,0.05,MI,0,0.9384328358208955
69,0.05,STTC,1,0.9040307101727447
69,0.05,STTC,0,0.9706780696395846
69,0.05,CD,1,0.9455645161290323
69,0.05,CD,0,0.9608904933814681
69,0.05,HYP,1,0.9656488549618321
69,0.05,HYP,0,0.9367088607594937
70,0.1,NORM,1,0.9106957424714434
70,0.1,NORM,0,0.8920502092050209
70,0.1,MI,1,0.8927272727272727
70,0.1,MI,0,0.9054726368159204
70,0.1,STTC,1,0.8637236084452975
70,0.1,STTC,0,0.9138668295662797
70,0.1,CD,1,0.9092741935483871
70,0.1,CD,0,0.8995186522262335
70,0.1,HYP,1,0.8778625954198473
70,0.1,HYP,0,0.890295358649789
70,0.05,NORM,1,0.9667705088265836
70,0.05,NORM,0,0.9564853556485355
70,0.05,MI,1,0.9490909090909091
70,0.05,MI,0,0.9458955223880597
70,0.05,STTC,1,0.9213051823416507
70,0.05,STTC,0,0.9566279780085523
70,0.05,CD,1,0.9455645161290323
70,0.05,CD,0,0.9596871239470517
70,0.05,HYP,1,0.9389312977099237
70,0.05,HYP,0,0.944620253164557
71,0.1,NORM,1,0.9086188992731049
71,0.1,NORM,0,0.8761506276150628
71,0.1,MI,1,0.8927272727272727
71,0.1,MI,0,0.8992537313432836
71,0.1,STTC,1,0.8541266794625719
71,0.1,STTC,0,0.9138668295662797
71,0.1,CD,1,0.9133064516129032
71,0.1,CD,0,0.8959085439229844
71,0.1,HYP,1,0.8778625954198473
71,0.1,HYP,0,0.9034810126582279
71,0.05,NORM,1,0.9667705088265836
71,0.05,NORM,0,0.9397489539748954
71,0.05,MI,1,0.9363636363636364
71,0.05,MI,0,0.9477611940298507
71,0.05,STTC,1,0.9136276391554703
71,0.05,STTC,0,0.9621258399511301
71,0.05,CD,1,0.9415322580645161
71,0.05,CD,0,0.9476534296028881
71,0.05,HYP,1,0.9541984732824428
71,0.05,HYP,0,0.9604430379746836
72,0.1,NORM,1,0.9034267912772586
72,0.1,NORM,0,0.8811715481171548
72,0.1,MI,1,0.8945454545454545
72,0.1,MI,0,0.8973880597014925
72,0.1,STTC,1,0.8752399232245681
72,0.1,STTC,0,0.9071472205253512
72,0.1,CD,1,0.8911290322580645
72,0.1,CD,0,0.9151624548736462
72,0.1,HYP,1,0.8664122137404581
72,0.1,HYP,0,0.9045358649789029
72,0.05,NORM,1,0.960539979231568
72,0.05,NORM,0,0.9430962343096234
72,0.05,MI,1,0.94
72,0.05,MI,0,0.9384328358208955
72,0.05,STTC,1,0.944337811900192
72,0.05,STTC,0,0.9492974954184484
72,0.05,CD,1,0.9334677419354839
72,0.05,CD,0,0.9638989169675091
72,0.05,HYP,1,0.9427480916030534
72,0.05,HYP,0,0.9567510548523207
73,0.1,NORM,1,0.9231568016614745
73,0.1,NORM,0,0.8811715481171548
73,0.1,MI,1,0.88
73,0.1,MI,0,0.8893034825870647
73,0.1,STTC,1,0.8637236084452975
73,0.1,STTC,0,0.9077580940745266
73,0.1,CD,1,0.8850806451612904
73,0.1,CD,0,0.8959085439229844
73,0.1,HYP,1,0.8778625954198473
73,0.1,HYP,0,0.9055907172995781
73,0.05,NORM,1,0.9667705088265836
73,0.05,NORM,0,0.9389121338912134
73,0.05,MI,1,0.9363636363636364
73,0.05,MI,0,0.9365671641791045
73,0.05,STTC,1,0.9289827255278311
73,0.05,STTC,0,0.9609040928527794
73,0.05,CD,1,0.9354838709677419
73,0.05,CD,0,0.9530685920577617
73,0.05,HYP,1,0.9732824427480916
73,0.05,HYP,0,0.9541139240506329
74,0.1,NORM,1,0.9117341640706127
74,0.1,NORM,0,0.8853556485355648
74,0.1,MI,1,0.9054545454545454
74,0.1,MI,0,0.8893034825870647
74,0.1,STTC,1,0.9174664107485605
74,0.1,STTC,0,0.902871105681124
74,0.1,CD,1,0.8991935483870968
74,0.1,CD,0,0.907942238267148
74,0.1,HYP,1,0.9045801526717557
74,0.1,HYP,0,0.9034810126582279
74,0.05,NORM,1,0.960539979231568
74,0.05,NORM,0,0.9472803347280335
74,0.05,MI,1,0.9490909090909091
74,0.05,MI,0,0.9353233830845771
74,0.05,STTC,1,0.9520153550863724
74,0.05,STTC,0,0.9621258399511301
74,0.05,CD,1,0.9354838709677419
74,0.05,CD,0,0.9645006016847172
74,0.05,HYP,1,0.9541984732824428
74,0.05,HYP,0,0.9556962025316456
75,0.1,NORM,1,0.9138110072689511
75,0.1,NORM,0,0.8903765690376569
75,0.1,MI,1,0.8945454545454545
75,0.1,MI,0,0.8942786069651741
75,0.1,STTC,1,0.8752399232245681
75,0.1,STTC,0,0.9138668295662797
75,0.1,CD,1,0.8608870967741935
75,0.1,CD,0,0.8886883273164862
75,0.1,HYP,1,0.9045801526717557
75,0.1,HYP,0,0.890295358649789
75,0.05,NORM,1,0.960539979231568
75,0.05,NORM,0,0.9472803347280335
75,0.05,MI,1,0.9436363636363636
75,0.05,MI,0,0.9353233830845771
75,0.05,STTC,1,0.9289827255278311
75,0.05,STTC,0,0.9639584605986561
75,0.05,CD,1,0.9334677419354839
75,0.05,CD,0,0.941034897713598
75,0.05,HYP,1,0.9732824427480916
75,0.05,HYP,0,0.9562236286919831
76,0.1,NORM,1,0.9138110072689511
76,0.1,NORM,0,0.8761506276150628
76,0.1,MI,1,0.8927272727272727
76,0.1,MI,0,0.9054726368159204
76,0.1,STTC,1,0.8733205374280231
76,0.1,STTC,0,0.9156994502138057
76,0.1,CD,1,0.8911290322580645
76,0.1,CD,0,0.8868832731648616
76,0.1,HYP,1,0.9045801526717557
76,0.1,HYP,0,0.8966244725738397
76,0.05,NORM,1,0.9667705088265836
76,0.05,NORM,0,0.9430962343096234
76,0.05,MI,1,0.9436363636363636
76,0.05,MI,0,0.9409203980099502
76,0.05,STTC,1,0.9309021113243762
76,0.05,STTC,0,0.9596823457544288
76,0.05,CD,1,0.9415322580645161
76,0.05,CD,0,0.9470517448856799
76,0.05,HYP,1,0.9732824427480916
76,0.05,HYP,0,0.9520042194092827
77,0.1,NORM,1,0.9117341640706127
77,0.1,NORM,0,0.8811715481171548
77,0.1,MI,1,0.8909090909090909
77,0.1,MI,0,0.8855721393034826
77,0.1,STTC,1,0.8733205374280231
77,0.1,STTC,0,0.9077580940745266
77,0.1,CD,1,0.8870967741935484
77,0.1,CD,0,0.8892900120336944
77,0.1,HYP,1,0.8740458015267175
77,0.1,HYP,0,0.8982067510548524
77,0.05,NORM,1,0.9501557632398754
77,0.05,NORM,0,0.9472803347280335
77,0.05,MI,1,0.9472727272727273
77,0.05,MI,0,0.9359452736318408
77,0.05,STTC,1,0.9309021113243762
77,0.05,STTC,0,0.9621258399511301
77,0.05,CD,1,0.9334677419354839
77,0.05,CD,0,0.9434416365824309
77,0.05,HYP,1,0.9045801526717557
77,0.05,HYP,0,0.9530590717299579
78,0.1,NORM,1,0.9138110072689511
78,0.1,NORM,0,0.8803347280334728
78,0.1,MI,1,0.8945454545454545
78,0.1,MI,0,0.8973880597014925
78,0.1,STTC,1,0.8637236084452975
78,0.1,STTC,0,0.9138668295662797
78,0.1,CD,1,0.8850806451612904
78,0.1,CD,0,0.8953068592057761
78,0.1,HYP,1,0.9198473282442748
78,0.1,HYP,0,0.9061181434599156
78,0.05,NORM,1,0.9626168224299065
78,0.05,NORM,0,0.9430962343096234
78,0.05,MI,1,0.9472727272727273
78,0.05,MI,0,0.9384328358208955
78,0.05,STTC,1,0.9289827255278311
78,0.05,STTC,0,0.9627367135003054
78,0.05,CD,1,0.9233870967741935
78,0.05,CD,0,0.9542719614921781
78,0.05,HYP,1,0.9656488549618321
78,0.05,HYP,0,0.9620253164556962
79,0.1,NORM,1,0.9190031152647975
79,0.1,NORM,0,0.8903765690376569
79,0.1,MI,1,0.8945454545454545
79,0.1,MI,0,0.8992537313432836
79,0.1,STTC,1,0.8675623800383877
79,0.1,STTC,0,0.9077580940745266
79,0.1,CD,1,0.9092741935483871
79,0.1,CD,0,0.8959085439229844
79,0.1,HYP,1,0.8778625954198473
79,0.1,HYP,0,0.8971518987341772
79,0.05,NORM,1,0.9667705088265836
79,0.05,NORM,0,0.9447698744769875
79,0.05,MI,1,0.9472727272727273
79,0.05,MI,0,0.9458955223880597
79,0.05,STTC,1,0.9309021113243762
79,0.05,STTC,0,0.9609040928527794
79,0.05,CD,1,0.9455645161290323
79,0.05,CD,0,0.9434416365824309
79,0.05,HYP,1,0.9389312977099237
79,0.05,HYP,0,0.9530590717299579
80,0.1,NORM,1,0.9138110072689511
80,0.1,NORM,0,0.8761506276150628
80,0.1,MI,1,0.8909090909090909
80,0.1,MI,0,0.9135572139303483
80,0.1,STTC,1,0.8637236084452975
80,0.1,STTC,0,0.9126450824679292
80,0.1,CD,1,0.8911290322580645
80,0.1,CD,0,0.907942238267148
80,0.1,HYP,1,0.9045801526717557
80,0.1,HYP,0,0.8997890295358649
80,0.05,NORM,1,0.9595015576323987
80,0.05,NORM,0,0.9430962343096234
80,0.05,MI,1,0.9472727272727273
80,0.05,MI,0,0.9477611940298507
80,0.05,STTC,1,0.9213051823416507
80,0.05,STTC,0,0.9609040928527794
80,0.05,CD,1,0.9455645161290323
80,0.05,CD,0,0.9645006016847172
80,0.05,HYP,1,0.9274809160305344
80,0.05,HYP,0,0.9530590717299579
81,0.1,NORM,1,0.9106957424714434
81,0.1,NORM,0,0.8786610878661087
81,0.1,MI,1,0.8927272727272727
81,0.1,MI,0,0.8849502487562189
81,0.1,STTC,1,0.8771593090211133
81,0.1,STTC,0,0.9114233353695785
81,0.1,CD,1,0.8608870967741935
81,0.1,CD,0,0.901323706377858
81,0.1,HYP,1,0.8740458015267175
81,0.1,HYP,0,0.8982067510548524
81,0.05,NORM,1,0.9584631360332295
81,0.05,NORM,0,0.9389121338912134
81,0.05,MI,1,0.9490909090909091
81,0.05,MI,0,0.9303482587064676
81,0.05,STTC,1,0.9309021113243762
81,0.05,STTC,0,0.9682345754428833
81,0.05,CD,1,0.9133064516129032
81,0.05,CD,0,0.9651022864019254
81,0.05,HYP,1,0.9389312977099237
81,0.05,HYP,0,0.9530590717299579
82,0.1,NORM,1,0.9138110072689511
82,0.1,NORM,0,0.8786610878661087
82,0.1,MI,1,0.8963636363636364
82,0.1,MI,0,0.8992537313432836
82,0.1,STTC,1,0.8522072936660269
82,0.1,STTC,0,0.919975565058033
82,0.1,CD,1,0.9133064516129032
82,0.1,CD,0,0.8965102286401926
82,0.1,HYP,1,0.916030534351145
82,0.1,HYP,0,0.9034810126582279
82,0.05,NORM,1,0.960539979231568
82,0.05,NORM,0,0.9489539748953975
82,0.05,MI,1,0.9490909090909091
82,0.05,MI,0,0.9365671641791045
82,0.05,STTC,1,0.9289827255278311
82,0.05,STTC,0,0.9627367135003054
82,0.05,CD,1,0.9395161290322581
82,0.05,CD,0,0.9590854392298436
82,0.05,HYP,1,0.9732824427480916
82,0.05,HYP,0,0.9556962025316456
83,0.1,NORM,1,0.9283489096573209
83,0.1,NORM,0,0.8853556485355648
83,0.1,MI,1,0.8945454545454545
83,0.1,MI,0,0.9110696517412935
83,0.1,STTC,1,0.8733205374280231
83,0.1,STTC,0,0.9156994502138057
83,0.1,CD,1,0.9092741935483871
83,0.1,CD,0,0.8959085439229844
83,0.1,HYP,1,0.8664122137404581
83,0.1,HYP,0,0.9113924050632911
83,0.05,NORM,1,0.9667705088265836
83,0.05,NORM,0,0.9472803347280335
83,0.05,MI,1,0.9490909090909091
83,0.05,MI,0,0.9514925373134329
83,0.05,STTC,1,0.9289827255278311
83,0.05,STTC,0,0.9627367135003054
83,0.05,CD,1,0.9455645161290323
83,0.05,CD,0,0.9590854392298436
83,0.05,HYP,1,0.9389312977099237
83,0.05,HYP,0,0.9556962025316456
84,0.1,NORM,1,0.9138110072689511
84,0.1,NORM,0,0.8903765690376569
84,0.1,MI,1,0.8945454545454545
84,0.1,MI,0,0.8973880597014925
84,0.1,STTC,1,0.8637236084452975
84,0.1,STTC,0,0.9211973121563837
84,0.1,CD,1,0.9133064516129032
84,0.1,CD,0,0.8965102286401926
84,0.1,HYP,1,0.9045801526717557
84,0.1,HYP,0,0.9034810126582279
84,0.05,NORM,1,0.960539979231568
84,0.05,NORM,0,0.9447698744769875
84,0.05,MI,1,0.9472727272727273
84,0.05,MI,0,0.9365671641791045
84,0.05,STTC,1,0.9289827255278311
84,0.05,STTC,0,0.9651802076970067
84,0.05,CD,1,0.9495967741935484
84,0.05,CD,0,0.9530685920577617
84,0.05,HYP,1,0.9656488549618321
84,0.05,HYP,0,0.9546413502109705
85,0.1,NORM,1,0.8982346832814122
85,0.1,NORM,0,0.8786610878661087
85,0.1,MI,1,0.8945454545454545
85,0.1,MI,0,0.8973880597014925
85,0.1,STTC,1,0.8637236084452975
85,0.1,STTC,0,0.9187538179596824
85,0.1,CD,1,0.9092741935483871
85,0.1,CD,0,0.9025270758122743
85,0.1,HYP,1,0.8778625954198473
85,0.1,HYP,0,0.9008438818565401
85,0.05,NORM,1,0.9584631360332295
85,0.05,NORM,0,0.9439330543933054
85,0.05,MI,1,0.9472727272727273
85,0.05,MI,0,0.9458955223880597
85,0.05,STTC,1,0.9136276391554703
85,0.05,STTC,0,0.9706780696395846
85,0.05,CD,1,0.9475806451612904
85,0.05,CD,0,0.9608904933814681
85,0.05,HYP,1,0.9389312977099237
85,0.05,HYP,0,0.9530590717299579
86,0.1,NORM,1,0.9138110072689511
86,0.1,NORM,0,0.8811715481171548
86,0.1,MI,1,0.8945454545454545
86,0.1,MI,0,0.8992537313432836
86,0.1,STTC,1,0.8733205374280231
86,0.1,STTC,0,0.9114233353695785
86,0.1,CD,1,0.8608870967741935
86,0.1,CD,0,0.8965102286401926
86,0.1,HYP,1,0.9045801526717557
86,0.1,HYP,0,0.9082278481012658
86,0.05,NORM,1,0.9584631360332295
86,0.05,NORM,0,0.9472803347280335
86,0.05,MI,1,0.9490909090909091
86,0.05,MI,0,0.9409203980099502
86,0.05,STTC,1,0.9385796545105566
86,0.05,STTC,0,0.9609040928527794
86,0.05,CD,1,0.9334677419354839
86,0.05,CD,0,0.9608904933814681
86,0.05,HYP,1,0.9732824427480916
86,0.05,HYP,0,0.9604430379746836
87,0.1,NORM,1,0.9034267912772586
87,0.1,NORM,0,0.8778242677824267
87,0.1,MI,1,0.889090909090909
87,0.1,MI,0,0.9036069651741293
87,0.1,STTC,1,0.8675623800383877
87,0.1,STTC,0,0.9108124618204032
87,0.1,CD,1,0.9133064516129032
87,0.1,CD,0,0.9115523465703971
87,0.1,HYP,1,0.8740458015267175
87,0.1,HYP,0,0.9113924050632911
87,0.05,NORM,1,0.9491173416407062
87,0.05,NORM,0,0.9397489539748954
87,0.05,MI,1,0.9472727272727273
87,0.05,MI,0,0.9384328358208955
87,0.05,STTC,1,0.9289827255278311
87,0.05,STTC,0,0.9486866218692731
87,0.05,CD,1,0.9475806451612904
87,0.05,CD,0,0.9608904933814681
87,0.05,HYP,1,0.9198473282442748
87,0.05,HYP,0,0.9572784810126582
88,0.1,NORM,1,0.9065420560747663
88,0.1,NORM,0,0.8811715481171548
88,0.1,MI,1,0.8909090909090909
88,0.1,MI,0,0.8961442786069652
88,0.1,STTC,1,0.8771593090211133
88,0.1,STTC,0,0.9138668295662797
88,0.1,CD,1,0.8951612903225806
88,0.1,CD,0,0.9025270758122743
88,0.1,HYP,1,0.9045801526717557
88,0.1,HYP,0,0.8908227848101266
88,0.05,NORM,1,0.9501557632398754
88,0.05,NORM,0,0.9439330543933054
88,0.05,MI,1,0.9436363636363636
88,0.05,MI,0,0.9458955223880597
88,0.05,STTC,1,0.9309021113243762
88,0.05,STTC,0,0.9609040928527794
88,0.05,CD,1,0.9415322580645161
88,0.05,CD,0,0.9608904933814681
88,0.05,HYP,1,0.9656488549618321
88,0.05,HYP,0,0.9520042194092827
89,0.1,NORM,1,0.8826583592938733
89,0.1,NORM,0,0.8761506276150628
89,0.1,MI,1,0.8963636363636364
89,0.1,MI,0,0.8973880597014925
89,0.1,STTC,1,0.8522072936660269
89,0.1,STTC,0,0.9156994502138057
89,0.1,CD,1,0.8870967741935484
89,0.1,CD,0,0.8965102286401926
89,0.1,HYP,1,0.9045801526717557
89,0.1,HYP,0,0.9082278481012658
89,0.05,NORM,1,0.9501557632398754
89,0.05,NORM,0,0.9330543933054394
89,0.05,MI,1,0.9490909090909091
89,0.05,MI,0,0.945273631840796
89,0.05,STTC,1,0.9174664107485605
89,0.05,STTC,0,0.9609040928527794
89,0.05,CD,1,0.9415322580645161
89,0.05,CD,0,0.9614921780986763
89,0.05,HYP,1,0.9732824427480916
89,0.05,HYP,0,0.9572784810126582
90,0.1,NORM,1,0.9106957424714434
90,0.1,NORM,0,0.8736401673640167
90,0.1,MI,1,0.889090909090909
90,0.1,MI,0,0.8893034825870647
90,0.1,STTC,1,0.8733205374280231
90,0.1,STTC,0,0.9211973121563837
90,0.1,CD,1,0.8891129032258065
90,0.1,CD,0,0.9043321299638989
90,0.1,HYP,1,0.8778625954198473
90,0.1,HYP,0,0.8982067510548524
90,0.05,NORM,1,0.9584631360332295
90,0.05,NORM,0,0.9322175732217574
90,0.05,MI,1,0.9436363636363636
90,0.05,MI,0,0.9291044776119403
90,0.05,STTC,1,0.9347408829174664
90,0.05,STTC,0,0.9651802076970067
90,0.05,CD,1,0.9354838709677419
90,0.05,CD,0,0.9632972322503008
90,0.05,HYP,1,0.9732824427480916
90,0.05,HYP,0,0.9493670886075949
91,0.1,NORM,1,0.9065420560747663
91,0.1,NORM,0,0.8778242677824267
91,0.1,MI,1,0.8945454545454545
91,0.1,MI,0,0.8992537313432836
91,0.1,STTC,1,0.8752399232245681
91,0.1,STTC,0,0.9071472205253512
91,0.1,CD,1,0.8911290322580645
91,0.1,CD,0,0.8935018050541517
91,0.1,HYP,1,0.9045801526717557
91,0.1,HYP,0,0.9008438818565401
91,0.05,NORM,1,0.9501557632398754
91,0.05,NORM,0,0.9439330543933054
91,0.05,MI,1,0.9490909090909091
91,0.05,MI,0,0.9458955223880597
91,0.05,STTC,1,0.9309021113243762
91,0.05,STTC,0,0.9627367135003054
91,0.05,CD,1,0.9455645161290323
91,0.05,CD,0,0.9530685920577617
91,0.05,HYP,1,0.9656488549618321
91,0.05,HYP,0,0.9520042194092827
92,0.1,NORM,1,0.90134994807892
92,0.1,NORM,0,0.891213389121339
92,0.1,MI,1,0.8945454545454545
92,0.1,MI,0,0.8893034825870647
92,0.1,STTC,1,0.8752399232245681
92,0.1,STTC,0,0.9114233353695785
92,0.1,CD,1,0.9133064516129032
92,0.1,CD,0,0.8965102286401926
92,0.1,HYP,1,0.8778625954198473
92,0.1,HYP,0,0.9013713080168776
92,0.05,NORM,1,0.9335410176531672
92,0.05,NORM,0,0.9447698744769875
92,0.05,MI,1,0.9472727272727273
92,0.05,MI,0,0.9353233830845771
92,0.05,STTC,1,0.9309021113243762
92,0.05,STTC,0,0.9609040928527794
92,0.05,CD,1,0.9596774193548387
92,0.05,CD,0,0.9542719614921781
92,0.05,HYP,1,0.9732824427480916
92,0.05,HYP,0,0.9614978902953587
93,0.1,NORM,1,0.9106957424714434
93,0.1,NORM,0,0.8870292887029289
93,0.1,MI,1,0.8909090909090909
93,0.1,MI,0,0.8936567164179104
93,0.1,STTC,1,0.8790786948176583
93,0.1,STTC,0,0.9126450824679292
93,0.1,CD,1,0.905241935483871
93,0.1,CD,0,0.907942238267148
93,0.1,HYP,1,0.8778625954198473
93,0.1,HYP,0,0.8866033755274262
93,0.05,NORM,1,0.9501557632398754
93,0.05,NORM,0,0.9430962343096234
93,0.05,MI,1,0.9436363636363636
93,0.05,MI,0,0.9359452736318408
93,0.05,STTC,1,0.9385796545105566
93,0.05,STTC,0,0.9627367135003054
93,0.05,CD,1,0.9415322580645161
93,0.05,CD,0,0.9638989169675091
93,0.05,HYP,1,0.9656488549618321
93,0.05,HYP,0,0.9477848101265823
94,0.1,NORM,1,0.9158878504672897
94,0.1,NORM,0,0.8761506276150628
94,0.1,MI,1,0.8909090909090909
94,0.1,MI,0,0.8805970149253731
94,0.1,STTC,1,0.8675623800383877
94,0.1,STTC,0,0.9187538179596824
94,0.1,CD,1,0.8366935483870968
94,0.1,CD,0,0.9115523465703971
94,0.1,HYP,1,0.8778625954198473
94,0.1,HYP,0,0.9013713080168776
94,0.05,NORM,1,0.960539979231568
94,0.05,NORM,0,0.9430962343096234
94,0.05,MI,1,0.9472727272727273
94,0.05,MI,0,0.9291044776119403
94,0.05,STTC,1,0.9213051823416507
94,0.05,STTC,0,0.9627367135003054
94,0.05,CD,1,0.9415322580645161
94,0.05,CD,0,0.9657039711191335
94,0.05,HYP,1,0.9274809160305344
94,0.05,HYP,0,0.9541139240506329
95,0.1,NORM,1,0.9106957424714434
95,0.1,NORM,0,0.8711297071129707
95,0.1,MI,1,0.8763636363636363
95,0.1,MI,0,0.9123134328358209
95,0.1,STTC,1,0.8752399232245681
95,0.1,STTC,0,0.9211973121563837
95,0.1,CD,1,0.8891129032258065
95,0.1,CD,0,0.8965102286401926
95,0.1,HYP,1,0.8740458015267175
95,0.1,HYP,0,0.9113924050632911
95,0.05,NORM,1,0.9501557632398754
95,0.05,NORM,0,0.9230125523012552
95,0.05,MI,1,0.9327272727272727
95,0.05,MI,0,0.947139303482587
95,0.05,STTC,1,0.9309021113243762
95,0.05,STTC,0,0.9706780696395846
95,0.05,CD,1,0.9354838709677419
95,0.05,CD,0,0.9614921780986763
95,0.05,HYP,1,0.9541984732824428
95,0.05,HYP,0,0.9556962025316456
96,0.1,NORM,1,0.9138110072689511
96,0.1,NORM,0,0.8803347280334728
96,0.1,MI,1,0.8945454545454545
96,0.1,MI,0,0.8992537313432836
96,0.1,STTC,1,0.8733205374280231
96,0.1,STTC,0,0.9138668295662797
96,0.1,CD,1,0.9032258064516129
96,0.1,CD,0,0.8953068592057761
96,0.1,HYP,1,0.8778625954198473
96,0.1,HYP,0,0.8997890295358649
96,0.05,NORM,1,0.9584631360332295
96,0.05,NORM,0,0.9439330543933054
96,0.05,MI,1,0.9490909090909091
96,0.05,MI,0,0.9477611940298507
96,0.05,STTC,1,0.9309021113243762
96,0.05,STTC,0,0.9609040928527794
96,0.05,CD,1,0.9455645161290323
96,0.05,CD,0,0.95367027677497
96,0.05,HYP,1,0.9389312977099237
96,0.05,HYP,0,0.9530590717299579
97,0.1,NORM,1,0.9106957424714434
97,0.1,NORM,0,0.8786610878661087
97,0.1,MI,1,0.8872727272727273
97,0.1,MI,0,0.8973880597014925
97,0.1,STTC,1,0.8752399232245681
97,0.1,STTC,0,0.9138668295662797
97,0.1,CD,1,0.9032258064516129
97,0.1,CD,0,0.8892900120336944
97,0.1,HYP,1,0.8740458015267175
97,0.1,HYP,0,0.9008438818565401
97,0.05,NORM,1,0.960539979231568
97,0.05,NORM,0,0.9380753138075314
97,0.05,MI,1,0.9163636363636364
97,0.05,MI,0,0.9409203980099502
97,0.05,STTC,1,0.9289827255278311
97,0.05,STTC,0,0.9609040928527794
97,0.05,CD,1,0.9495967741935484
97,0.05,CD,0,0.9470517448856799
97,0.05,HYP,1,0.9427480916030534
97,0.05,HYP,0,0.9520042194092827
98,0.1,NORM,1,0.9034267912772586
98,0.1,NORM,0,0.8761506276150628
98,0.1,MI,1,0.8945454545454545
98,0.1,MI,0,0.8992537313432836
98,0.1,STTC,1,0.8675623800383877
98,0.1,STTC,0,0.9047037263286499
98,0.1,CD,1,0.8891129032258065
98,0.1,CD,0,0.8965102286401926
98,0.1,HYP,1,0.8740458015267175
98,0.1,HYP,0,0.8839662447257384
98,0.05,NORM,1,0.9501557632398754
98,0.05,NORM,0,0.9430962343096234
98,0.05,MI,1,0.9472727272727273
98,0.05,MI,0,0.9458955223880597
98,0.05,STTC,1,0.9289827255278311
98,0.05,STTC,0,0.9596823457544288
98,0.05,CD,1,0.9455645161290323
98,0.05,CD,0,0.9596871239470517
98,0.05,HYP,1,0.916030534351145
98,0.05,HYP,0,0.9493670886075949
99,0.1,NORM,1,0.9138110072689511
99,0.1,NORM,0,0.8811715481171548
99,0.1,MI,1,0.9018181818181819
99,0.1,MI,0,0.9085820895522388
99,0.1,STTC,1,0.8637236084452975
99,0.1,STTC,0,0.9156994502138057
99,0.1,CD,1,0.8830645161290323
99,0.1,CD,0,0.9133574007220217
99,0.1,HYP,1,0.8740458015267175
99,0.1,HYP,0,0.9071729957805907
99,0.05,NORM,1,0.960539979231568
99,0.05,NORM,0,0.9430962343096234
99,0.05,MI,1,0.9472727272727273
99,0.05,MI,0,0.9477611940298507
99,0.05,STTC,1,0.9213051823416507
99,0.05,STTC,0,0.9627367135003054
99,0.05,CD,1,0.9334677419354839
99,0.05,CD,0,0.9675090252707581
99,0.05,HYP,1,0.9198473282442748
99,0.05,HYP,0,0.9567510548523207
100,0.1,NORM,1,0.9169262720664589
100,0.1,NORM,0,0.8778242677824267
100,0.1,MI,1,0.8872727272727273
100,0.1,MI,0,0.8893034825870647
100,0.1,STTC,1,0.8733205374280231
100,0.1,STTC,0,0.902871105681124
100,0.1,CD,1,0.9092741935483871
100,0.1,CD,0,0.8995186522262335
100,0.1,HYP,1,0.9045801526717557
100,0.1,HYP,0,0.8997890295358649
100,0.05,NORM,1,0.9615784008307373
100,0.05,NORM,0,0.9439330543933054
100,0.05,MI,1,0.9327272727272727
100,0.05,MI,0,0.9365671641791045
100,0.05,STTC,1,0.9289827255278311
100,0.05,STTC,0,0.9590714722052535
100,0.05,CD,1,0.9455645161290323
100,0.05,CD,0,0.9590854392298436
100,0.05,HYP,1,0.9274809160305344
100,0.05,HYP,0,0.9546413502109705
101,0.1,NORM,1,0.9138110072689511
101,0.1,NORM,0,0.897907949790795
101,0.1,MI,1,0.9054545454545454
101,0.1,MI,0,0.8942786069651741
101,0.1,STTC,1,0.8637236084452975
101,0.1,STTC,0,0.9138668295662797
101,0.1,CD,1,0.9092741935483871
101,0.1,CD,0,0.9133574007220217
101,0.1,HYP,1,0.8778625954198473
101,0.1,HYP,0,0.9029535864978903
101,0.05,NORM,1,0.9501557632398754
101,0.05,NORM,0,0.9464435146443515
101,0.05,MI,1,0.9472727272727273
101,0.05,MI,0,0.945273631840796
101,0.05,STTC,1,0.9213051823416507
101,0.05,STTC,0,0.9609040928527794
101,0.05,CD,1,0.9536290322580645
101,0.05,CD,0,0.9699157641395909
101,0.05,HYP,1,0.9274809160305344
101,0.05,HYP,0,0.9546413502109705
102,0.1,NORM,1,0.9138110072689511
102,0.1,NORM,0,0.8870292887029289
102,0.1,MI,1,0.8945454545454545
102,0.1,MI,0,0.9036069651741293
102,0.1,STTC,1,0.8541266794625719
102,0.1,STTC,0,0.9156994502138057
102,0.1,CD,1,0.8931451612903226
102,0.1,CD,0,0.9115523465703971
102,0.1,HYP,1,0.916030534351145
102,0.1,HYP,0,0.8997890295358649
102,0.05,NORM,1,0.9626168224299065
102,0.05,NORM,0,0.9389121338912134
102,0.05,MI,1,0.94
102,0.05,MI,0,0.9458955223880597
102,0.05,STTC,1,0.9213051823416507
102,0.05,STTC,0,0.9627367135003054
102,0.05,CD,1,0.9455645161290323
102,0.05,CD,0,0.9693140794223827
102,0.05,HYP,1,0.9732824427480916
102,0.05,HYP,0,0.9593881856540084
103,0.1,NORM,1,0.9138110072689511
103,0.1,NORM,0,0.8786610878661087
103,0.1,MI,1,0.9345454545454546
103,0.1,MI,0,0.9085820895522388
103,0.1,STTC,1,0.8675623800383877
103,0.1,STTC,0,0.9224190592547342
103,0.1,CD,1,0.8991935483870968
103,0.1,CD,0,0.8995186522262335
103,0.1,HYP,1,0.8664122137404581
103,0.1,HYP,0,0.9071729957805907
103,0.05,NORM,1,0.9491173416407062
103,0.05,NORM,0,0.9472803347280335
103,0.05,MI,1,0.9490909090909091
103,0.05,MI,0,0.9390547263681592
103,0.05,STTC,1,0.9309021113243762
103,0.05,STTC,0,0.9712889431887599
103,0.05,CD,1,0.9395161290322581
103,0.05,CD,0,0.9590854392298436
103,0.05,HYP,1,0.9274809160305344
103,0.05,HYP,0,0.9562236286919831
104,0.1,NORM,1,0.9065420560747663
104,0.1,NORM,0,0.8903765690376569
104,0.1,MI,1,0.9072727272727272
104,0.1,MI,0,0.8961442786069652
104,0.1,STTC,1,0.8675623800383877
104,0.1,STTC,0,0.9114233353695785
104,0.1,CD,1,0.9092741935483871
104,0.1,CD,0,0.9169675090252708
104,0.1,HYP,1,0.8778625954198473
104,0.1,HYP,0,0.9161392405063291
104,0.05,NORM,1,0.9584631360332295
104,0.05,NORM,0,0.9472803347280335
104,0.05,MI,1,0.9472727272727273
104,0.05,MI,0,0.9458955223880597
104,0.05,STTC,1,0.9289827255278311
104,0.05,STTC,0,0.9566279780085523
104,0.05,CD,1,0.9455645161290323
104,0.05,CD,0,0.9675090252707581
104,0.05,HYP,1,0.9656488549618321
104,0.05,HYP,0,0.9614978902953587
105,0.1,NORM,1,0.9106957424714434
105,0.1,NORM,0,0.8803347280334728
105,0.1,MI,1,0.8945454545454545
105,0.1,MI,0,0.8843283582089553
105,0.1,STTC,1,0.8675623800383877
105,0.1,STTC,0,0.9071472205253512
105,0.1,CD,1,0.8951612903225806
105,0.1,CD,0,0.8995186522262335
105,0.1,HYP,1,0.9045801526717557
105,0.1,HYP,0,0.8966244725738397
105,0.05,NORM,1,0.9584631360332295
105,0.05,NORM,0,0.9430962343096234
105,0.05,MI,1,0.9472727272727273
105,0.05,MI,0,0.9334577114427861
105,0.05,STTC,1,0.9213051823416507
105,0.05,STTC,0,0.9535736102626756
105,0.05,CD,1,0.9455645161290323
105,0.05,CD,0,0.9590854392298436
105,0.05,HYP,1,0.9427480916030534
105,0.05,HYP,0,0.9525316455696202
106,0.1,NORM,1,0.9241952232606438
106,0.1,NORM,0,0.8870292887029289
106,0.1,MI,1,0.9072727272727272
106,0.1,MI,0,0.8992537313432836
106,0.1,STTC,1,0.8637236084452975
106,0.1,STTC,0,0.9156994502138057
106,0.1,CD,1,0.9092741935483871
106,0.1,CD,0,0.8995186522262335
106,0.1,HYP,1,0.9198473282442748
106,0.1,HYP,0,0.9071729957805907
106,0.05,NORM,1,0.9667705088265836
106,0.05,NORM,0,0.9472803347280335
106,0.05,MI,1,0.9472727272727273
106,0.05,MI,0,0.9384328358208955
106,0.05,STTC,1,0.9174664107485605
106,0.05,STTC,0,0.9664019547953574
106,0.05,CD,1,0.9495967741935484
106,0.05,CD,0,0.9590854392298436
106,0.05,HYP,1,0.9923664122137404
106,0.05,HYP,0,0.9593881856540084
107,0.1,NORM,1,0.9065420560747663
107,0.1,NORM,0,0.8903765690376569
107,0.1,MI,1,0.8963636363636364
107,0.1,MI,0,0.8849502487562189
107,0.1,STTC,1,0.8771593090211133
107,0.1,STTC,0,0.9108124618204032
107,0.1,CD,1,0.8790322580645161
107,0.1,CD,0,0.9043321299638989
107,0.1,HYP,1,0.9198473282442748
107,0.1,HYP,0,0.8839662447257384
107,0.05,NORM,1,0.9584631360332295
107,0.05,NORM,0,0.9464435146443515
107,0.05,MI,1,0.9472727272727273
107,0.05,MI,0,0.9365671641791045
107,0.05,STTC,1,0.9289827255278311
107,0.05,STTC,0,0.9609040928527794
107,0.05,CD,1,0.9475806451612904
107,0.05,CD,0,0.9657039711191335
107,0.05,HYP,1,0.9732824427480916
107,0.05,HYP,0,0.9372362869198312
108,0.1,NORM,1,0.9138110072689511
108,0.1,NORM,0,0.8627615062761507
108,0.1,MI,1,0.8945454545454545
108,0.1,MI,0,0.8992537313432836
108,0.1,STTC,1,0.8733205374280231
108,0.1,STTC,0,0.9156994502138057
108,0.1,CD,1,0.9092741935483871
108,0.1,CD,0,0.9043321299638989
108,0.1,HYP,1,0.8473282442748091
108,0.1,HYP,0,0.9113924050632911
108,0.05,NORM,1,0.960539979231568
108,0.05,NORM,0,0.9288702928870293
108,0.05,MI,1,0.9472727272727273
108,0.05,MI,0,0.9409203980099502
108,0.05,STTC,1,0.944337811900192
108,0.05,STTC,0,0.9651802076970067
108,0.05,CD,1,0.9455645161290323
108,0.05,CD,0,0.9645006016847172
108,0.05,HYP,1,0.9045801526717557
108,0.05,HYP,0,0.9556962025316456
109,0.1,NORM,1,0.9106957424714434
109,0.1,NORM,0,0.8761506276150628
109,0.1,MI,1,0.889090909090909
109,0.1,MI,0,0.8961442786069652
109,0.1,STTC,1,0.8541266794625719
109,0.1,STTC,0,0.9138668295662797
109,0.1,CD,1,0.8850806451612904
109,0.1,CD,0,0.8965102286401926
109,0.1,HYP,1,0.8740458015267175
109,0.1,HYP,0,0.8866033755274262
109,0.05,NORM,1,0.9584631360332295
109,0.05,NORM,0,0.9430962343096234
109,0.05,MI,1,0.9490909090909091
109,0.05,MI,0,0.9384328358208955
109,0.05,STTC,1,0.9136276391554703
109,0.05,STTC,0,0.9554062309102016
109,0.05,CD,1,0.9334677419354839
109,0.05,CD,0,0.9596871239470517
109,0.05,HYP,1,0.9274809160305344
109,0.05,HYP,0,0.944620253164557
110,0.1,NORM,1,0.9117341640706127
110,0.1,NORM,0,0.8786610878661087
110,0.1,MI,1,0.8927272727272727
110,0.1,MI,0,0.8973880597014925
110,0.1,STTC,1,0.8752399232245681
110,0.1,STTC,0,0.9126450824679292
110,0.1,CD,1,0.8951612903225806
110,0.1,CD,0,0.9169675090252708
110,0.1,HYP,1,0.8778625954198473
110,0.1,HYP,0,0.8966244725738397
110,0.05,NORM,1,0.9501557632398754
110,0.05,NORM,0,0.9439330543933054
110,0.05,MI,1,0.9472727272727273
110,0.05,MI,0,0.9365671641791045
110,0.05,STTC,1,0.9347408829174664
110,0.05,STTC,0,0.9602932193036041
110,0.05,CD,1,0.9334677419354839
110,0.05,CD,0,0.9645006016847172
110,0.05,HYP,1,0.9541984732824428
110,0.05,HYP,0,0.9525316455696202
111,0.1,NORM,1,0.9138110072689511
111,0.1,NORM,0,0.8761506276150628
111,0.1,MI,1,0.8945454545454545
111,0.1,MI,0,0.8893034825870647
111,0.1,STTC,1,0.8675623800383877
111,0.1,STTC,0,0.9211973121563837
111,0.1,CD,1,0.9193548387096774
111,0.1,CD,0,0.8959085439229844
111,0.1,HYP,1,0.916030534351145
111,0.1,HYP,0,0.8982067510548524
111,0.05,NORM,1,0.9584631360332295
111,0.05,NORM,0,0.9430962343096234
111,0.05,MI,1,0.9490909090909091
111,0.05,MI,0,0.9353233830845771
111,0.05,STTC,1,0.9289827255278311
111,0.05,STTC,0,0.9651802076970067
111,0.05,CD,1,0.9475806451612904
111,0.05,CD,0,0.9590854392298436
111,0.05,HYP,1,0.9809160305343512
111,0.05,HYP,0,0.9546413502109705
112,0.1,NORM,1,0.897196261682243
112,0.1,NORM,0,0.8803347280334728
112,0.1,MI,1,0.9072727272727272
112,0.1,MI,0,0.8961442786069652
112,0.1,STTC,1,0.8579654510556622
112,0.1,STTC,0,0.9077580940745266
112,0.1,CD,1,0.9092741935483871
112,0.1,CD,0,0.898315282791817
112,0.1,HYP,1,0.9045801526717557
112,0.1,HYP,0,0.9055907172995781
112,0.05,NORM,1,0.9470404984423676
112,0.05,NORM,0,0.9447698744769875
112,0.05,MI,1,0.9545454545454546
112,0.05,MI,0,0.9384328358208955
112,0.05,STTC,1,0.9136276391554703
112,0.05,STTC,0,0.9566279780085523
112,0.05,CD,1,0.9475806451612904
112,0.05,CD,0,0.9596871239470517
112,0.05,HYP,1,0.9656488549618321
112,0.05,HYP,0,0.9546413502109705
113,0.1,NORM,1,0.9345794392523364
113,0.1,NORM,0,0.891213389121339
113,0.1,MI,1,0.8945454545454545
113,0.1,MI,0,0.9079601990049752
113,0.1,STTC,1,0.8752399232245681
113,0.1,STTC,0,0.9211973121563837
113,0.1,CD,1,0.9032258064516129
113,0.1,CD,0,0.9139590854392299
113,0.1,HYP,1,0.8778625954198473
113,0.1,HYP,0,0.9055907172995781
113,0.05,NORM,1,0.9667705088265836
113,0.05,NORM,0,0.9439330543933054
113,0.05,MI,1,0.9472727272727273
113,0.05,MI,0,0.9409203980099502
113,0.05,STTC,1,0.944337811900192
113,0.05,STTC,0,0.9627367135003054
113,0.05,CD,1,0.9334677419354839
113,0.05,CD,0,0.9657039711191335
113,0.05,HYP,1,0.9389312977099237
113,0.05,HYP,0,0.9620253164556962
114,0.1,NORM,1,0.9086188992731049
114,0.1,NORM,0,0.8803347280334728
114,0.1,MI,1,0.889090909090909
114,0.1,MI,0,0.900497512437811
114,0.1,STTC,1,0.8541266794625719
114,0.1,STTC,0,0.9114233353695785
114,0.1,CD,1,0.8830645161290323
114,0.1,CD,0,0.8959085439229844
114,0.1,HYP,1,0.9045801526717557
114,0.1,HYP,0,0.9145569620253164
114,0.05,NORM,1,0.9595015576323987
114,0.05,NORM,0,0.9389121338912134
114,0.05,MI,1,0.9545454545454546
114,0.05,MI,0,0.945273631840796
114,0.05,STTC,1,0.9136276391554703
114,0.05,STTC,0,0.9712889431887599
114,0.05,CD,1,0.9334677419354839
114,0.05,CD,0,0.95367027677497
114,0.05,HYP,1,0.9656488549618321
114,0.05,HYP,0,0.9625527426160337
115,0.1,NORM,1,0.9034267912772586
115,0.1,NORM,0,0.8778242677824267
115,0.1,MI,1,0.9018181818181819
115,0.1,MI,0,0.8973880597014925
115,0.1,STTC,1,0.8675623800383877
115,0.1,STTC,0,0.9077580940745266
115,0.1,CD,1,0.9133064516129032
115,0.1,CD,0,0.8892900120336944
115,0.1,HYP,1,0.8778625954198473
115,0.1,HYP,0,0.8997890295358649
115,0.05,NORM,1,0.9501557632398754
115,0.05,NORM,0,0.9439330543933054
115,0.05,MI,1,0.9490909090909091
115,0.05,MI,0,0.9365671641791045
115,0.05,STTC,1,0.9213051823416507
115,0.05,STTC,0,0.9554062309102016
115,0.05,CD,1,0.9495967741935484
115,0.05,CD,0,0.95367027677497
115,0.05,HYP,1,0.9732824427480916
115,0.05,HYP,0,0.9525316455696202
116,0.1,NORM,1,0.9138110072689511
116,0.1,NORM,0,0.896234309623431
116,0.1,MI,1,0.8963636363636364
116,0.1,MI,0,0.8930348258706468
116,0.1,STTC,1,0.8752399232245681
116,0.1,STTC,0,0.9138668295662797
116,0.1,CD,1,0.8951612903225806
116,0.1,CD,0,0.8965102286401926
116,0.1,HYP,1,0.8778625954198473
116,0.1,HYP,0,0.9066455696202531
116,0.05,NORM,1,0.9501557632398754
116,0.05,NORM,0,0.9581589958158996
116,0.05,MI,1,0.9545454545454546
116,0.05,MI,0,0.9365671641791045
116,0.05,STTC,1,0.9289827255278311
116,0.05,STTC,0,0.9621258399511301
116,0.05,CD,1,0.9455645161290323
116,0.05,CD,0,0.9560770156438027
116,0.05,HYP,1,0.9198473282442748
116,0.05,HYP,0,0.9593881856540084
117,0.1,NORM,1,0.9117341640706127
117,0.1,NORM,0,0.8761506276150628
117,0.1,MI,1,0.9054545454545454
117,0.1,MI,0,0.8961442786069652
117,0.1,STTC,1,0.8733205374280231
117,0.1,STTC,0,0.9224190592547342
117,0.1,CD,1,0.8870967741935484
117,0.1,CD,0,0.9133574007220217
117,0.1,HYP,1,0.8740458015267175
117,0.1,HYP,0,0.919831223628692
117,0.05,NORM,1,0.9584631360332295
117,0.05,NORM,0,0.9430962343096234
117,0.05,MI,1,0.9490909090909091
117,0.05,MI,0,0.9477611940298507
117,0.05,STTC,1,0.9289827255278311
117,0.05,STTC,0,0.9706780696395846
117,0.05,CD,1,0.9475806451612904
117,0.05,CD,0,0.96690734055355
117,0.05,HYP,1,0.9732824427480916
117,0.05,HYP,0,0.9672995780590717
118,0.1,NORM,1,0.9065420560747663
118,0.1,NORM,0,0.8736401673640167
118,0.1,MI,1,0.8781818181818182
118,0.1,MI,0,0.8942786069651741
118,0.1,STTC,1,0.8541266794625719
118,0.1,STTC,0,0.9138668295662797
118,0.1,CD,1,0.9032258064516129
118,0.1,CD,0,0.9115523465703971
118,0.1,HYP,1,0.8778625954198473
118,0.1,HYP,0,0.8966244725738397
118,0.05,NORM,1,0.9584631360332295
118,0.05,NORM,0,0.9322175732217574
118,0.05,MI,1,0.9127272727272727
118,0.05,MI,0,0.9458955223880597
118,0.05,STTC,1,0.9309021113243762
118,0.05,STTC,0,0.9609040928527794
118,0.05,CD,1,0.9334677419354839
118,0.05,CD,0,0.9626955475330926
118,0.05,HYP,1,0.9198473282442748
118,0.05,HYP,0,0.9541139240506329
119,0.1,NORM,1,0.9169262720664589
119,0.1,NORM,0,0.9129707112970711
119,0.1,MI,1,0.9054545454545454
119,0.1,MI,0,0.8843283582089553
119,0.1,STTC,1,0.8771593090211133
119,0.1,STTC,0,0.9138668295662797
119,0.1,CD,1,0.9233870967741935
119,0.1,CD,0,0.898315282791817
119,0.1,HYP,1,0.8778625954198473
119,0.1,HYP,0,0.8997890295358649
119,0.05,NORM,1,0.9501557632398754
119,0.05,NORM,0,0.9581589958158996
119,0.05,MI,1,0.9472727272727273
119,0.05,MI,0,0.9365671641791045
119,0.05,STTC,1,0.9500959692898272
119,0.05,STTC,0,0.9627367135003054
119,0.05,CD,1,0.9596774193548387
119,0.05,CD,0,0.9542719614921781
119,0.05,HYP,1,0.916030534351145
119,0.05,HYP,0,0.9525316455696202
120,0.1,NORM,1,0.9065420560747663
120,0.1,NORM,0,0.8786610878661087
120,0.1,MI,1,0.8945454545454545
120,0.1,MI,0,0.8893034825870647
120,0.1,STTC,1,0.8522072936660269
120,0.1,STTC,0,0.902871105681124
120,0.1,CD,1,0.8911290322580645
120,0.1,CD,0,0.8959085439229844
120,0.1,HYP,1,0.9045801526717557
120,0.1,HYP,0,0.8997890295358649
120,0.05,NORM,1,0.9501557632398754
120,0.05,NORM,0,0.9430962343096234
120,0.05,MI,1,0.9472727272727273
120,0.05,MI,0,0.9409203980099502
120,0.05,STTC,1,0.9097888675623801
120,0.05,STTC,0,0.9486866218692731
120,0.05,CD,1,0.9233870967741935
120,0.05,CD,0,0.95367027677497
120,0.05,HYP,1,0.9809160305343512
120,0.05,HYP,0,0.9562236286919831
121,0.1,NORM,1,0.9169262720664589
121,0.1,NORM,0,0.8878661087866109
121,0.1,MI,1,0.8836363636363637
121,0.1,MI,0,0.8893034825870647
121,0.1,STTC,1,0.8790786948176583
121,0.1,STTC,0,0.9126450824679292
121,0.1,CD,1,0.8931451612903226
121,0.1,CD,0,0.9133574007220217
121,0.1,HYP,1,0.9274809160305344
121,0.1,HYP,0,0.9013713080168776
121,0.05,NORM,1,0.9667705088265836
121,0.05,NORM,0,0.9489539748953975
121,0.05,MI,1,0.9436363636363636
121,0.05,MI,0,0.9353233830845771
121,0.05,STTC,1,0.944337811900192
121,0.05,STTC,0,0.9596823457544288
121,0.05,CD,1,0.9455645161290323
121,0.05,CD,0,0.9645006016847172
121,0.05,HYP,1,0.9732824427480916
121,0.05,HYP,0,0.9525316455696202
122,0.1,NORM,1,0.9106957424714434
122,0.1,NORM,0,0.8778242677824267
122,0.1,MI,1,0.8945454545454545
122,0.1,MI,0,0.8973880597014925
122,0.1,STTC,1,0.8771593090211133
122,0.1,STTC,0,0.9126450824679292
122,0.1,CD,1,0.9133064516129032
122,0.1,CD,0,0.8959085439229844
122,0.1,HYP,1,0.8778625954198473
122,0.1,HYP,0,0.8908227848101266
122,0.05,NORM,1,0.9584631360332295
122,0.05,NORM,0,0.9430962343096234
122,0.05,MI,1,0.9472727272727273
122,0.05,MI,0,0.9458955223880597
122,0.05,STTC,1,0.9347408829174664
122,0.05,STTC,0,0.9535736102626756
122,0.05,CD,1,0.9455645161290323
122,0.05,CD,0,0.9590854392298436
122,0.05,HYP,1,0.9656488549618321
122,0.05,HYP,0,0.9562236286919831
123,0.1,NORM,1,0.8899273104880582
123,0.1,NORM,0,0.8870292887029289
123,0.1,MI,1,0.8909090909090909
123,0.1,MI,0,0.8893034825870647
123,0.1,STTC,1,0.8579654510556622
123,0.1,STTC,0,0.9138668295662797
123,0.1,CD,1,0.9193548387096774
123,0.1,CD,0,0.8892900120336944
123,0.1,HYP,1,0.8778625954198473
123,0.1,HYP,0,0.9077004219409283
123,0.05,NORM,1,0.9470404984423676
123,0.05,NORM,0,0.9439330543933054
123,0.05,MI,1,0.9363636363636364
123,0.05,MI,0,0.9353233830845771
123,0.05,STTC,1,0.9309021113243762
123,0.05,STTC,0,0.9602932193036041
123,0.05,CD,1,0.9576612903225806
123,0.05,CD,0,0.9434416365824309
123,0.05,HYP,1,0.9274809160305344
123,0.05,HYP,0,0.9556962025316456
124,0.1,NORM,1,0.9158878504672897
124,0.1,NORM,0,0.8811715481171548
124,0.1,MI,1,0.8945454545454545
124,0.1,MI,0,0.8986318407960199
124,0.1,STTC,1,0.8675623800383877
124,0.1,STTC,0,0.9211973121563837
124,0.1,CD,1,0.8991935483870968
124,0.1,CD,0,0.9085439229843562
124,0.1,HYP,1,0.8778625954198473
124,0.1,HYP,0,0.8997890295358649
124,0.05,NORM,1,0.9584631360332295
124,0.05,NORM,0,0.9430962343096234
124,0.05,MI,1,0.9363636363636364
124,0.05,MI,0,0.9409203980099502
124,0.05,STTC,1,0.9309021113243762
124,0.05,STTC,0,0.9651802076970067
124,0.05,CD,1,0.9475806451612904
124,0.05,CD,0,0.9693140794223827
124,0.05,HYP,1,0.9732824427480916
124,0.05,HYP,0,0.9525316455696202
125,0.1,NORM,1,0.9117341640706127
125,0.1,NORM,0,0.8811715481171548
125,0.1,MI,1,0.8909090909090909
125,0.1,MI,0,0.8805970149253731
125,0.1,STTC,1,0.8675623800383877
125,0.1,STTC,0,0.9138668295662797
125,0.1,CD,1,0.9012096774193549
125,0.1,CD,0,0.8965102286401926
125,0.1,HYP,1,0.916030534351145
125,0.1,HYP,0,0.890295358649789
125,0.05,NORM,1,0.9667705088265836
125,0.05,NORM,0,0.9447698744769875
125,0.05,MI,1,0.94
125,0.05,MI,0,0.9384328358208955
125,0.05,STTC,1,0.9289827255278311
125,0.05,STTC,0,0.9590714722052535
125,0.05,CD,1,0.9415322580645161
125,0.05,CD,0,0.9602888086642599
125,0.05,HYP,1,0.9656488549618321
125,0.05,HYP,0,0.9493670886075949
126,0.1,NORM,1,0.9138110072689511
126,0.1,NORM,0,0.8811715481171548
126,0.1,MI,1,0.8945454545454545
126,0.1,MI,0,0.8992537313432836
126,0.1,STTC,1,0.8733205374280231
126,0.1,STTC,0,0.9114233353695785
126,0.1,CD,1,0.9193548387096774
126,0.1,CD,0,0.898315282791817
126,0.1,HYP,1,0.8778625954198473
126,0.1,HYP,0,0.890295358649789
126,0.05,NORM,1,0.960539979231568
126,0.05,NORM,0,0.9489539748953975
126,0.05,MI,1,0.9472727272727273
126,0.05,MI,0,0.9458955223880597
126,0.05,STTC,1,0.9213051823416507
126,0.05,STTC,0,0.9511301160659743
126,0.05,CD,1,0.9475806451612904
126,0.05,CD,0,0.9596871239470517
126,0.05,HYP,1,0.9198473282442748
126,0.05,HYP,0,0.945675105485232
127,0.1,NORM,1,0.9065420560747663
127,0.1,NORM,0,0.8778242677824267
127,0.1,MI,1,0.9054545454545454
127,0.1,MI,0,0.900497512437811
127,0.1,STTC,1,0.8752399232245681
127,0.1,STTC,0,0.9211973121563837
127,0.1,CD,1,0.8891129032258065
127,0.1,CD,0,0.8995186522262335
127,0.1,HYP,1,0.916030534351145
127,0.1,HYP,0,0.8966244725738397
127,0.05,NORM,1,0.9501557632398754
127,0.05,NORM,0,0.9389121338912134
127,0.05,MI,1,0.9490909090909091
127,0.05,MI,0,0.9458955223880597
127,0.05,STTC,1,0.9347408829174664
127,0.05,STTC,0,0.9664019547953574
127,0.05,CD,1,0.9233870967741935
127,0.05,CD,0,0.9608904933814681
127,0.05,HYP,1,0.9732824427480916
127,0.05,HYP,0,0.9614978902953587
128,0.1,NORM,1,0.90134994807892
128,0.1,NORM,0,0.907112970711297
128,0.1,MI,1,0.9127272727272727
128,0.1,MI,0,0.8837064676616916
128,0.1,STTC,1,0.8771593090211133
128,0.1,STTC,0,0.9156994502138057
128,0.1,CD,1,0.905241935483871
128,0.1,CD,0,0.8995186522262335
128,0.1,HYP,1,0.9198473282442748
128,0.1,HYP,0,0.9082278481012658
128,0.05,NORM,1,0.9501557632398754
128,0.05,NORM,0,0.9564853556485355
128,0.05,MI,1,0.9545454545454546
128,0.05,MI,0,0.9334577114427861
128,0.05,STTC,1,0.9424184261036468
128,0.05,STTC,0,0.9706780696395846
128,0.05,CD,1,0.9415322580645161
128,0.05,CD,0,0.9608904933814681
128,0.05,HYP,1,0.9732824427480916
128,0.05,HYP,0,0.9593881856540084
129,0.1,NORM,1,0.9117341640706127
129,0.1,NORM,0,0.8761506276150628
129,0.1,MI,1,0.889090909090909
129,0.1,MI,0,0.8930348258706468
129,0.1,STTC,1,0.8982725527831094
129,0.1,STTC,0,0.9114233353695785
129,0.1,CD,1,0.8850806451612904
129,0.1,CD,0,0.8929001203369434
129,0.1,HYP,1,0.8740458015267175
129,0.1,HYP,0,0.8866033755274262
129,0.05,NORM,1,0.960539979231568
129,0.05,NORM,0,0.9389121338912134
129,0.05,MI,1,0.9363636363636364
129,0.05,MI,0,0.9365671641791045
129,0.05,STTC,1,0.944337811900192
129,0.05,STTC,0,0.9554062309102016
129,0.05,CD,1,0.9395161290322581
129,0.05,CD,0,0.9596871239470517
129,0.05,HYP,1,0.9427480916030534
129,0.05,HYP,0,0.9367088607594937
130,0.1,NORM,1,0.8961578400830738
130,0.1,NORM,0,0.8761506276150628
130,0.1,MI,1,0.889090909090909
130,0.1,MI,0,0.8893034825870647
130,0.1,STTC,1,0.8752399232245681
130,0.1,STTC,0,0.9114233353695785
130,0.1,CD,1,0.9032258064516129
130,0.1,CD,0,0.8995186522262335
130,0.1,HYP,1,0.9045801526717557
130,0.1,HYP,0,0.9055907172995781
130,0.05,NORM,1,0.9491173416407062
130,0.05,NORM,0,0.9430962343096234
130,0.05,MI,1,0.9327272727272727
130,0.05,MI,0,0.9384328358208955
130,0.05,STTC,1,0.9289827255278311
130,0.05,STTC,0,0.9682345754428833
130,0.05,CD,1,0.9455645161290323
130,0.05,CD,0,0.9596871239470517
130,0.05,HYP,1,0.9732824427480916
130,0.05,HYP,0,0.9593881856540084
131,0.1,NORM,1,0.8982346832814122
131,0.1,NORM,0,0.8786610878661087
131,0.1,MI,1,0.889090909090909
131,0.1,MI,0,0.8992537313432836
131,0.1,STTC,1,0.8752399232245681
131,0.1,STTC,0,0.9108124618204032
131,0.1,CD,1,0.9133064516129032
131,0.1,CD,0,0.907942238267148
131,0.1,HYP,1,0.9045801526717557
131,0.1,HYP,0,0.9034810126582279
131,0.05,NORM,1,0.9501557632398754
131,0.05,NORM,0,0.9472803347280335
131,0.05,MI,1,0.9363636363636364
131,0.05,MI,0,0.945273631840796
131,0.05,STTC,1,0.944337811900192
131,0.05,STTC,0,0.9596823457544288
131,0.05,CD,1,0.9475806451612904
131,0.05,CD,0,0.9602888086642599
131,0.05,HYP,1,0.9732824427480916
131,0.05,HYP,0,0.9546413502109705
132,0.1,NORM,1,0.9190031152647975
132,0.1,NORM,0,0.8711297071129707
132,0.1,MI,1,0.8927272727272727
132,0.1,MI,0,0.8942786069651741
132,0.1,STTC,1,0.8541266794625719
132,0.1,STTC,0,0.9224190592547342
132,0.1,CD,1,0.8891129032258065
132,0.1,CD,0,0.8965102286401926
132,0.1,HYP,1,0.9045801526717557
132,0.1,HYP,0,0.9034810126582279
132,0.05,NORM,1,0.9615784008307373
132,0.05,NORM,0,0.9313807531380753
132,0.05,MI,1,0.9363636363636364
132,0.05,MI,0,0.9384328358208955
132,0.05,STTC,1,0.9213051823416507
132,0.05,STTC,0,0.9621258399511301
132,0.05,CD,1,0.9455645161290323
132,0.05,CD,0,0.9530685920577617
132,0.05,HYP,1,0.9389312977099237
132,0.05,HYP,0,0.9593881856540084
133,0.1,NORM,1,0.9138110072689511
133,0.1,NORM,0,0.8694560669456067
133,0.1,MI,1,0.8945454545454545
133,0.1,MI,0,0.8992537313432836
133,0.1,STTC,1,0.8579654510556622
133,0.1,STTC,0,0.9114233353695785
133,0.1,CD,1,0.9032258064516129
133,0.1,CD,0,0.8838748495788207
133,0.1,HYP,1,0.8778625954198473
133,0.1,HYP,0,0.8966244725738397
133,0.05,NORM,1,0.960539979231568
133,0.05,NORM,0,0.9430962343096234
133,0.05,MI,1,0.9472727272727273
133,0.05,MI,0,0.9384328358208955
133,0.05,STTC,1,0.9213051823416507
133,0.05,STTC,0,0.9554062309102016
133,0.05,CD,1,0.9455645161290323
133,0.05,CD,0,0.9578820697954272
133,0.05,HYP,1,0.9541984732824428
133,0.05,HYP,0,0.9541139240506329
134,0.1,NORM,1,0.9065420560747663
134,0.1,NORM,0,0.8736401673640167
134,0.1,MI,1,0.8818181818181818
134,0.1,MI,0,0.900497512437811
134,0.1,STTC,1,0.8522072936660269
134,0.1,STTC,0,0.9059254734270006
134,0.1,CD,1,0.9133064516129032
134,0.1,CD,0,0.8965102286401926
134,0.1,HYP,1,0.8778625954198473
134,0.1,HYP,0,0.9077004219409283
134,0.05,NORM,1,0.9491173416407062
134,0.05,NORM,0,0.9430962343096234
134,0.05,MI,1,0.9054545454545454
134,0.05,MI,0,0.9409203980099502
134,0.05,STTC,1,0.9213051823416507
134,0.05,STTC,0,0.9492974954184484
134,0.05,CD,1,0.9455645161290323
134,0.05,CD,0,0.9464500601684718
134,0.05,HYP,1,0.9541984732824428
134,0.05,HYP,0,0.9593881856540084
135,0.1,NORM,1,0.9138110072689511
135,0.1,NORM,0,0.8786610878661087
135,0.1,MI,1,0.889090909090909
135,0.1,MI,0,0.8961442786069652
135,0.1,STTC,1,0.8675623800383877
135,0.1,STTC,0,0.9077580940745266
135,0.1,CD,1,0.8951612903225806
135,0.1,CD,0,0.8929001203369434
135,0.1,HYP,1,0.9045801526717557
135,0.1,HYP,0,0.885548523206751
135,0.05,NORM,1,0.9626168224299065
135,0.05,NORM,0,0.9430962343096234
135,0.05,MI,1,0.9345454545454546
135,0.05,MI,0,0.947139303482587
135,0.05,STTC,1,0.9309021113243762
135,0.05,STTC,0,0.9627367135003054
135,0.05,CD,1,0.9395161290322581
135,0.05,CD,0,0.9476534296028881
135,0.05,HYP,1,0.9427480916030534
135,0.05,HYP,0,0.9562236286919831
136,0.1,NORM,1,0.9138110072689511
136,0.1,NORM,0,0.8786610878661087
136,0.1,MI,1,0.889090909090909
136,0.1,MI,0,0.8992537313432836
136,0.1,STTC,1,0.8579654510556622
136,0.1,STTC,0,0.9114233353695785
136,0.1,CD,1,0.8891129032258065
136,0.1,CD,0,0.8989169675090253
136,0.1,HYP,1,0.8778625954198473
136,0.1,HYP,0,0.9034810126582279
136,0.05,NORM,1,0.9667705088265836
136,0.05,NORM,0,0.9397489539748954
136,0.05,MI,1,0.9436363636363636
136,0.05,MI,0,0.9458955223880597
136,0.05,STTC,1,0.9174664107485605
136,0.05,STTC,0,0.9627367135003054
136,0.05,CD,1,0.9334677419354839
136,0.05,CD,0,0.9596871239470517
136,0.05,HYP,1,0.9541984732824428
136,0.05,HYP,0,0.9562236286919831
137,0.1,NORM,1,0.9034267912772586
137,0.1,NORM,0,0.8786610878661087
137,0.1,MI,1,0.8927272727272727
137,0.1,MI,0,0.8893034825870647
137,0.1,STTC,1,0.8771593090211133
137,0.1,STTC,0,0.9156994502138057
137,0.1,CD,1,0.8891129032258065
137,0.1,CD,0,0.8971119133574007
137,0.1,HYP,1,0.916030534351145
137,0.1,HYP,0,0.9055907172995781
137,0.05,NORM,1,0.9501557632398754
137,0.05,NORM,0,0.9389121338912134
137,0.05,MI,1,0.9472727272727273
137,0.05,MI,0,0.9353233830845771
137,0.05,STTC,1,0.9385796545105566
137,0.05,STTC,0,0.9627367135003054
137,0.05,CD,1,0.9334677419354839
137,0.05,CD,0,0.9578820697954272
137,0.05,HYP,1,0.9732824427480916
137,0.05,HYP,0,0.9562236286919831
138,0.1,NORM,1,0.9190031152647975
138,0.1,NORM,0,0.8694560669456067
138,0.1,MI,1,0.8872727272727273
138,0.1,MI,0,0.9110696517412935
138,0.1,STTC,1,0.8637236084452975
138,0.1,STTC,0,0.9224190592547342
138,0.1,CD,1,0.8891129032258065
138,0.1,CD,0,0.9025270758122743
138,0.1,HYP,1,0.8625954198473282
138,0.1,HYP,0,0.8997890295358649
138,0.05,NORM,1,0.9667705088265836
138,0.05,NORM,0,0.9322175732217574
138,0.05,MI,1,0.9472727272727273
138,0.05,MI,0,0.9409203980099502
138,0.05,STTC,1,0.9213051823416507
138,0.05,STTC,0,0.9627367135003054
138,0.05,CD,1,0.9233870967741935
138,0.05,CD,0,0.96690734055355
138,0.05,HYP,1,0.9274809160305344
138,0.05,HYP,0,0.9541139240506329
139,0.1,NORM,1,0.9158878504672897
139,0.1,NORM,0,0.8853556485355648
139,0.1,MI,1,0.9054545454545454
139,0.1,MI,0,0.8893034825870647
139,0.1,STTC,1,0.8541266794625719
139,0.1,STTC,0,0.9126450824679292
139,0.1,CD,1,0.9032258064516129
139,0.1,CD,0,0.8995186522262335
139,0.1,HYP,1,0.8740458015267175
139,0.1,HYP,0,0.8966244725738397
139,0.05,NORM,1,0.9584631360332295
139,0.05,NORM,0,0.9430962343096234
139,0.05,MI,1,0.9490909090909091
139,0.05,MI,0,0.9353233830845771
139,0.05,STTC,1,0.9289827255278311
139,0.05,STTC,0,0.9621258399511301
139,0.05,CD,1,0.9455645161290323
139,0.05,CD,0,0.9602888086642599
139,0.05,HYP,1,0.9198473282442748
139,0.05,HYP,0,0.9546413502109705
140,0.1,NORM,1,0.9138110072689511
140,0.1,NORM,0,0.8786610878661087
140,0.1,MI,1,0.8945454545454545
140,0.1,MI,0,0.8973880597014925
140,0.1,STTC,1,0.8522072936660269
140,0.1,STTC,0,0.9126450824679292
140,0.1,CD,1,0.905241935483871
140,0.1,CD,0,0.8892900120336944
140,0.1,HYP,1,0.8778625954198473
140,0.1,HYP,0,0.9034810126582279
140,0.05,NORM,1,0.9626168224299065
140,0.05,NORM,0,0.9439330543933054
140,0.05,MI,1,0.9472727272727273
140,0.05,MI,0,0.945273631840796
140,0.05,STTC,1,0.8982725527831094
140,0.05,STTC,0,0.9627367135003054
140,0.05,CD,1,0.9455645161290323
140,0.05,CD,0,0.9476534296028881
140,0.05,HYP,1,0.9389312977099237
140,0.05,HYP,0,0.9530590717299579
141,0.1,NORM,1,0.9106957424714434
141,0.1,NORM,0,0.8811715481171548
141,0.1,MI,1,0.9054545454545454
141,0.1,MI,0,0.8942786069651741
141,0.1,STTC,1,0.8541266794625719
141,0.1,STTC,0,0.9016493585827734
141,0.1,CD,1,0.8830645161290323
141,0.1,CD,0,0.9043321299638989
141,0.1,HYP,1,0.9198473282442748
141,0.1,HYP,0,0.8897679324894515
141,0.05,NORM,1,0.9470404984423676
141,0.05,NORM,0,0.9472803347280335
141,0.05,MI,1,0.9436363636363636
141,0.05,MI,0,0.9384328358208955
141,0.05,STTC,1,0.9289827255278311
141,0.05,STTC,0,0.9602932193036041
141,0.05,CD,1,0.9334677419354839
141,0.05,CD,0,0.9632972322503008
141,0.05,HYP,1,0.9732824427480916
141,0.05,HYP,0,0.9520042194092827
142,0.1,NORM,1,0.9169262720664589
142,0.1,NORM,0,0.8803347280334728
142,0.1,MI,1,0.8945454545454545
142,0.1,MI,0,0.8961442786069652
142,0.1,STTC,1,0.8982725527831094
142,0.1,STTC,0,0.9138668295662797
142,0.1,CD,1,0.8911290322580645
142,0.1,CD,0,0.901323706377858
142,0.1,HYP,1,0.8625954198473282
142,0.1,HYP,0,0.9055907172995781
142,0.05,NORM,1,0.960539979231568
142,0.05,NORM,0,0.9430962343096234
142,0.05,MI,1,0.9472727272727273
142,0.05,MI,0,0.9458955223880597
142,0.05,STTC,1,0.9424184261036468
142,0.05,STTC,0,0.9602932193036041
142,0.05,CD,1,0.9495967741935484
142,0.05,CD,0,0.9596871239470517
142,0.05,HYP,1,0.9541984732824428
142,0.05,HYP,0,0.9562236286919831
143,0.1,NORM,1,0.9138110072689511
143,0.1,NORM,0,0.8744769874476988
143,0.1,MI,1,0.8963636363636364
143,0.1,MI,0,0.9036069651741293
143,0.1,STTC,1,0.8752399232245681
143,0.1,STTC,0,0.9114233353695785
143,0.1,CD,1,0.9032258064516129
143,0.1,CD,0,0.9085439229843562
143,0.1,HYP,1,0.8740458015267175
143,0.1,HYP,0,0.9034810126582279
143,0.05,NORM,1,0.9615784008307373
143,0.05,NORM,0,0.9430962343096234
143,0.05,MI,1,0.9490909090909091
143,0.05,MI,0,0.9409203980099502
143,0.05,STTC,1,0.9424184261036468
143,0.05,STTC,0,0.9688454489920586
143,0.05,CD,1,0.9475806451612904
143,0.05,CD,0,0.9596871239470517
143,0.05,HYP,1,0.9198473282442748
143,0.05,HYP,0,0.9530590717299579
144,0.1,NORM,1,0.9138110072689511
144,0.1,NORM,0,0.8786610878661087
144,0.1,MI,1,0.8963636363636364
144,0.1,MI,0,0.9036069651741293
144,0.1,STTC,1,0.8522072936660269
144,0.1,STTC,0,0.9156994502138057
144,0.1,CD,1,0.9032258064516129
144,0.1,CD,0,0.9139590854392299
144,0.1,HYP,1,0.8778625954198473
144,0.1,HYP,0,0.9082278481012658
144,0.05,NORM,1,0.9667705088265836
144,0.05,NORM,0,0.9430962343096234
144,0.05,MI,1,0.9490909090909091
144,0.05,MI,0,0.9458955223880597
144,0.05,STTC,1,0.9424184261036468
144,0.05,STTC,0,0.9627367135003054
144,0.05,CD,1,0.9475806451612904
144,0.05,CD,0,0.96690734055355
144,0.05,HYP,1,0.9389312977099237
144,0.05,HYP,0,0.9572784810126582
145,0.1,NORM,1,0.9117341640706127
145,0.1,NORM,0,0.8920502092050209
145,0.1,MI,1,0.8945454545454545
145,0.1,MI,0,0.8893034825870647
145,0.1,STTC,1,0.8771593090211133
145,0.1,STTC,0,0.919975565058033
145,0.1,CD,1,0.9032258064516129
145,0.1,CD,0,0.8965102286401926
145,0.1,HYP,1,0.9045801526717557
145,0.1,HYP,0,0.8881856540084389
145,0.05,NORM,1,0.9501557632398754
145,0.05,NORM,0,0.9472803347280335
145,0.05,MI,1,0.9363636363636364
145,0.05,MI,0,0.9347014925373134
145,0.05,STTC,1,0.9213051823416507
145,0.05,STTC,0,0.9609040928527794
145,0.05,CD,1,0.9354838709677419
145,0.05,CD,0,0.9602888086642599
145,0.05,HYP,1,0.9732824427480916
145,0.05,HYP,0,0.9562236286919831
146,0.1,NORM,1,0.9138110072689511
146,0.1,NORM,0,0.8761506276150628
146,0.1,MI,1,0.8927272727272727
146,0.1,MI,0,0.9110696517412935
146,0.1,STTC,1,0.8675623800383877
146,0.1,STTC,0,0.9010384850335981
146,0.1,CD,1,0.9133064516129032
146,0.1,CD,0,0.9169675090252708
146,0.1,HYP,1,0.8778625954198473
146,0.1,HYP,0,0.9071729957805907
146,0.05,NORM,1,0.9667705088265836
146,0.05,NORM,0,0.9430962343096234
146,0.05,MI,1,0.9436363636363636
146,0.05,MI,0,0.9490049751243781
146,0.05,STTC,1,0.944337811900192
146,0.05,STTC,0,0.9566279780085523
146,0.05,CD,1,0.9596774193548387
146,0.05,CD,0,0.9675090252707581
146,0.05,HYP,1,0.9732824427480916
146,0.05,HYP,0,0.9562236286919831
147,0.1,NORM,1,0.897196261682243
147,0.1,NORM,0,0.896234309623431
147,0.1,MI,1,0.9054545454545454
147,0.1,MI,0,0.9067164179104478
147,0.1,STTC,1,0.8675623800383877
147,0.1,STTC,0,0.9108124618204032
147,0.1,CD,1,0.9032258064516129
147,0.1,CD,0,0.898315282791817
147,0.1,HYP,1,0.8778625954198473
147,0.1,HYP,0,0.9061181434599156
147,0.05,NORM,1,0.9491173416407062
147,0.05,NORM,0,0.9489539748953975
147,0.05,MI,1,0.9490909090909091
147,0.05,MI,0,0.9458955223880597
147,0.05,STTC,1,0.944337811900192
147,0.05,STTC,0,0.9566279780085523
147,0.05,CD,1,0.9475806451612904
147,0.05,CD,0,0.9638989169675091
147,0.05,HYP,1,0.9541984732824428
147,0.05,HYP,0,0.9546413502109705
148,0.1,NORM,1,0.9034267912772586
148,0.1,NORM,0,0.8920502092050209
148,0.1,MI,1,0.9127272727272727
148,0.1,MI,0,0.8893034825870647
148,0.1,STTC,1,0.8675623800383877
148,0.1,STTC,0,0.9071472205253512
148,0.1,CD,1,0.9012096774193549
148,0.1,CD,0,0.881468110709988
148,0.1,HYP,1,0.9045801526717557
148,0.1,HYP,0,0.8818565400843882
148,0.05,NORM,1,0.9584631360332295
148,0.05,NORM,0,0.9489539748953975
148,0.05,MI,1,0.9545454545454546
148,0.05,MI,0,0.9384328358208955
148,0.05,STTC,1,0.9289827255278311
148,0.05,STTC,0,0.9596823457544288
148,0.05,CD,1,0.9455645161290323
148,0.05,CD,0,0.9434416365824309
148,0.05,HYP,1,0.9732824427480916
148,0.05,HYP,0,0.9520042194092827
149,0.1,NORM,1,0.9241952232606438
149,0.1,NORM,0,0.8803347280334728
149,0.1,MI,1,0.8945454545454545
149,0.1,MI,0,0.8992537313432836
149,0.1,STTC,1,0.8752399232245681
149,0.1,STTC,0,0.9187538179596824
149,0.1,CD,1,0.8911290322580645
149,0.1,CD,0,0.9085439229843562
149,0.1,HYP,1,0.9045801526717557
149,0.1,HYP,0,0.9045358649789029
149,0.05,NORM,1,0.9615784008307373
149,0.05,NORM,0,0.9430962343096234
149,0.05,MI,1,0.9472727272727273
149,0.05,MI,0,0.9409203980099502
149,0.05,STTC,1,0.9213051823416507
149,0.05,STTC,0,0.9664019547953574
149,0.05,CD,1,0.9354838709677419
149,0.05,CD,0,0.9632972322503008
149,0.05,HYP,1,0.9541984732824428
149,0.05,HYP,0,0.9541139240506329
150,0.1,NORM,1,0.9034267912772586
150,0.1,NORM,0,0.9129707112970711
150,0.1,MI,1,0.8945454545454545
150,0.1,MI,0,0.8837064676616916
150,0.1,STTC,1,0.8579654510556622
150,0.1,STTC,0,0.9010384850335981
150,0.1,CD,1,0.8931451612903226
150,0.1,CD,0,0.8959085439229844
150,0.1,HYP,1,0.916030534351145
150,0.1,HYP,0,0.9045358649789029
150,0.05,NORM,1,0.9501557632398754
150,0.05,NORM,0,0.9581589958158996
150,0.05,MI,1,0.9490909090909091
150,0.05,MI,0,0.9347014925373134
150,0.05,STTC,1,0.9213051823416507
150,0.05,STTC,0,0.9602932193036041
150,0.05,CD,1,0.9455645161290323
150,0.05,CD,0,0.9596871239470517
150,0.05,HYP,1,0.9809160305343512
150,0.05,HYP,0,0.9520042194092827
151,0.1,NORM,1,0.9138110072689511
151,0.1,NORM,0,0.8761506276150628
151,0.1,MI,1,0.9072727272727272
151,0.1,MI,0,0.900497512437811
151,0.1,STTC,1,0.8637236084452975
151,0.1,STTC,0,0.9156994502138057
151,0.1,CD,1,0.8951612903225806
151,0.1,CD,0,0.8965102286401926
151,0.1,HYP,1,0.9045801526717557
151,0.1,HYP,0,0.9055907172995781
151,0.05,NORM,1,0.9595015576323987
151,0.05,NORM,0,0.9439330543933054
151,0.05,MI,1,0.9490909090909091
151,0.05,MI,0,0.9458955223880597
151,0.05,STTC,1,0.9289827255278311
151,0.05,STTC,0,0.9609040928527794
151,0.05,CD,1,0.9415322580645161
151,0.05,CD,0,0.9560770156438027
151,0.05,HYP,1,0.9427480916030534
151,0.05,HYP,0,0.9562236286919831
152,0.1,NORM,1,0.9065420560747663
152,0.1,NORM,0,0.8853556485355648
152,0.1,MI,1,0.8945454545454545
152,0.1,MI,0,0.8805970149253731
152,0.1,STTC,1,0.8675623800383877
152,0.1,STTC,0,0.9071472205253512
152,0.1,CD,1,0.8830645161290323
152,0.1,CD,0,0.8971119133574007
152,0.1,HYP,1,0.8778625954198473
152,0.1,HYP,0,0.8997890295358649
152,0.05,NORM,1,0.9584631360332295
152,0.05,NORM,0,0.9430962343096234
152,0.05,MI,1,0.9490909090909091
152,0.05,MI,0,0.9334577114427861
152,0.05,STTC,1,0.9500959692898272
152,0.05,STTC,0,0.9535736102626756
152,0.05,CD,1,0.9233870967741935
152,0.05,CD,0,0.9638989169675091
152,0.05,HYP,1,0.9656488549618321
152,0.05,HYP,0,0.9562236286919831
153,0.1,NORM,1,0.9106957424714434
153,0.1,NORM,0,0.8761506276150628
153,0.1,MI,1,0.8927272727272727
153,0.1,MI,0,0.8762437810945274
153,0.1,STTC,1,0.8675623800383877
153,0.1,STTC,0,0.9108124618204032
153,0.1,CD,1,0.8991935483870968
153,0.1,CD,0,0.8995186522262335
153,0.1,HYP,1,0.8740458015267175
153,0.1,HYP,0,0.8860759493670886
153,0.05,NORM,1,0.9730010384215991
153,0.05,NORM,0,0.9430962343096234
153,0.05,MI,1,0.9472727272727273
153,0.05,MI,0,0.9390547263681592
153,0.05,STTC,1,0.9289827255278311
153,0.05,STTC,0,0.9694563225412339
153,0.05,CD,1,0.9233870967741935
153,0.05,CD,0,0.9596871239470517
153,0.05,HYP,1,0.9198473282442748
153,0.05,HYP,0,0.9514767932489452
154,0.1,NORM,1,0.9106957424714434
154,0.1,NORM,0,0.891213389121339
154,0.1,MI,1,0.9127272727272727
154,0.1,MI,0,0.8855721393034826
154,0.1,STTC,1,0.8771593090211133
154,0.1,STTC,0,0.9077580940745266
154,0.1,CD,1,0.9032258064516129
154,0.1,CD,0,0.9025270758122743
154,0.1,HYP,1,0.9045801526717557
154,0.1,HYP,0,0.9013713080168776
154,0.05,NORM,1,0.9501557632398754
154,0.05,NORM,0,0.9564853556485355
154,0.05,MI,1,0.9490909090909091
154,0.05,MI,0,0.9359452736318408
154,0.05,STTC,1,0.944337811900192
154,0.05,STTC,0,0.9682345754428833
154,0.05,CD,1,0.9495967741935484
154,0.05,CD,0,0.9645006016847172
154,0.05,HYP,1,0.9541984732824428
154,0.05,HYP,0,0.9541139240506329
155,0.1,NORM,1,0.9003115264797508
155,0.1,NORM,0,0.8761506276150628
155,0.1,MI,1,0.8927272727272727
155,0.1,MI,0,0.8961442786069652
155,0.1,STTC,1,0.8637236084452975
155,0.1,STTC,0,0.9114233353695785
155,0.1,CD,1,0.9092741935483871
155,0.1,CD,0,0.8959085439229844
155,0.1,HYP,1,0.916030534351145
155,0.1,HYP,0,0.9034810126582279
155,0.05,NORM,1,0.9501557632398754
155,0.05,NORM,0,0.9313807531380753
155,0.05,MI,1,0.9363636363636364
155,0.05,MI,0,0.9409203980099502
155,0.05,STTC,1,0.9174664107485605
155,0.05,STTC,0,0.9609040928527794
155,0.05,CD,1,0.9455645161290323
155,0.05,CD,0,0.9476534296028881
155,0.05,HYP,1,0.9541984732824428
155,0.05,HYP,0,0.9530590717299579
156,0.1,NORM,1,0.9117341640706127
156,0.1,NORM,0,0.897907949790795
156,0.1,MI,1,0.8945454545454545
156,0.1,MI,0,0.8942786069651741
156,0.1,STTC,1,0.8637236084452975
156,0.1,STTC,0,0.9126450824679292
156,0.1,CD,1,0.9012096774193549
156,0.1,CD,0,0.9043321299638989
156,0.1,HYP,1,0.916030534351145
156,0.1,HYP,0,0.9055907172995781
156,0.05,NORM,1,0.9615784008307373
156,0.05,NORM,0,0.9531380753138076
156,0.05,MI,1,0.9472727272727273
156,0.05,MI,0,0.9384328358208955
156,0.05,STTC,1,0.9289827255278311
156,0.05,STTC,0,0.9590714722052535
156,0.05,CD,1,0.9415322580645161
156,0.05,CD,0,0.96690734055355
156,0.05,HYP,1,0.9541984732824428
156,0.05,HYP,0,0.9562236286919831
157,0.1,NORM,1,0.9086188992731049
157,0.1,NORM,0,0.8686192468619247
157,0.1,MI,1,0.8927272727272727
157,0.1,MI,0,0.8893034825870647
157,0.1,STTC,1,0.8579654510556622
157,0.1,STTC,0,0.9114233353695785
157,0.1,CD,1,0.8891129032258065
157,0.1,CD,0,0.8929001203369434
157,0.1,HYP,1,0.8664122137404581
157,0.1,HYP,0,0.890295358649789
157,0.05,NORM,1,0.9501557632398754
157,0.05,NORM,0,0.9389121338912134
157,0.05,MI,1,0.9490909090909091
157,0.05,MI,0,0.9365671641791045
157,0.05,STTC,1,0.9289827255278311
157,0.05,STTC,0,0.9621258399511301
157,0.05,CD,1,0.9354838709677419
157,0.05,CD,0,0.9578820697954272
157,0.05,HYP,1,0.9274809160305344
157,0.05,HYP,0,0.9620253164556962
158,0.1,NORM,1,0.897196261682243
158,0.1,NORM,0,0.8803347280334728
158,0.1,MI,1,0.8945454545454545
158,0.1,MI,0,0.8893034825870647
158,0.1,STTC,1,0.8675623800383877
158,0.1,STTC,0,0.9211973121563837
158,0.1,CD,1,0.8891129032258065
158,0.1,CD,0,0.9025270758122743
158,0.1,HYP,1,0.9198473282442748
158,0.1,HYP,0,0.8997890295358649
158,0.05,NORM,1,0.9491173416407062
158,0.05,NORM,0,0.9430962343096234
158,0.05,MI,1,0.9472727272727273
158,0.05,MI,0,0.9384328358208955
158,0.05,STTC,1,0.9213051823416507
158,0.05,STTC,0,0.9706780696395846
158,0.05,CD,1,0.9395161290322581
158,0.05,CD,0,0.9645006016847172
158,0.05,HYP,1,0.9732824427480916
158,0.05,HYP,0,0.9556962025316456
159,0.1,NORM,1,0.9138110072689511
159,0.1,NORM,0,0.8786610878661087
159,0.1,MI,1,0.889090909090909
159,0.1,MI,0,0.8843283582089553
159,0.1,STTC,1,0.8752399232245681
159,0.1,STTC,0,0.902871105681124
159,0.1,CD,1,0.9092741935483871
159,0.1,CD,0,0.8959085439229844
159,0.1,HYP,1,0.8778625954198473
159,0.1,HYP,0,0.8997890295358649
159,0.05,NORM,1,0.960539979231568
159,0.05,NORM,0,0.9439330543933054
159,0.05,MI,1,0.9472727272727273
159,0.05,MI,0,0.931592039800995
159,0.05,STTC,1,0.944337811900192
159,0.05,STTC,0,0.9554062309102016
159,0.05,CD,1,0.9455645161290323
159,0.05,CD,0,0.9626955475330926
159,0.05,HYP,1,0.9274809160305344
159,0.05,HYP,0,0.9530590717299579
160,0.1,NORM,1,0.9241952232606438
160,0.1,NORM,0,0.8811715481171548
160,0.1,MI,1,0.9054545454545454
160,0.1,MI,0,0.900497512437811
160,0.1,STTC,1,0.8733205374280231
160,0.1,STTC,0,0.9138668295662797
160,0.1,CD,1,0.9092741935483871
160,0.1,CD,0,0.9169675090252708
160,0.1,HYP,1,0.916030534351145
160,0.1,HYP,0,0.9071729957805907
160,0.05,NORM,1,0.9667705088265836
160,0.05,NORM,0,0.9439330543933054
160,0.05,MI,1,0.9472727272727273
160,0.05,MI,0,0.9458955223880597
160,0.05,STTC,1,0.944337811900192
160,0.05,STTC,0,0.9639584605986561
160,0.05,CD,1,0.9536290322580645
160,0.05,CD,0,0.9693140794223827
160,0.05,HYP,1,0.9732824427480916
160,0.05,HYP,0,0.9541139240506329
161,0.1,NORM,1,0.8899273104880582
161,0.1,NORM,0,0.8786610878661087
161,0.1,MI,1,0.8945454545454545
161,0.1,MI,0,0.8837064676616916
161,0.1,STTC,1,0.8541266794625719
161,0.1,STTC,0,0.9156994502138057
161,0.1,CD,1,0.8850806451612904
161,0.1,CD,0,0.8935018050541517
161,0.1,HYP,1,0.8778625954198473
161,0.1,HYP,0,0.9029535864978903
161,0.05,NORM,1,0.960539979231568
161,0.05,NORM,0,0.9472803347280335
161,0.05,MI,1,0.9363636363636364
161,0.05,MI,0,0.9291044776119403
161,0.05,STTC,1,0.9213051823416507
161,0.05,STTC,0,0.9566279780085523
161,0.05,CD,1,0.9455645161290323
161,0.05,CD,0,0.95367027677497
161,0.05,HYP,1,0.9732824427480916
161,0.05,HYP,0,0.9556962025316456
162,0.1,NORM,1,0.9158878504672897
162,0.1,NORM,0,0.907112970711297
162,0.1,MI,1,0.9054545454545454
162,0.1,MI,0,0.9123134328358209
162,0.1,STTC,1,0.8541266794625719
162,0.1,STTC,0,0.9053145998778253
162,0.1,CD,1,0.9012096774193549
162,0.1,CD,0,0.9115523465703971
162,0.1,HYP,1,0.9045801526717557
162,0.1,HYP,0,0.8997890295358649
162,0.05,NORM,1,0.9667705088265836
162,0.05,NORM,0,0.9489539748953975
162,0.05,MI,1,0.9490909090909091
162,0.05,MI,0,0.9490049751243781
162,0.05,STTC,1,0.9213051823416507
162,0.05,STTC,0,0.9627367135003054
162,0.05,CD,1,0.9395161290322581
162,0.05,CD,0,0.9645006016847172
162,0.05,HYP,1,0.9427480916030534
162,0.05,HYP,0,0.9530590717299579
163,0.1,NORM,1,0.9138110072689511
163,0.1,NORM,0,0.8987447698744769
163,0.1,MI,1,0.8909090909090909
163,0.1,MI,0,0.8942786069651741
163,0.1,STTC,1,0.8675623800383877
163,0.1,STTC,0,0.8955406230910201
163,0.1,CD,1,0.905241935483871
163,0.1,CD,0,0.9133574007220217
163,0.1,HYP,1,0.916030534351145
163,0.1,HYP,0,0.9077004219409283
163,0.05,NORM,1,0.9501557632398754
163,0.05,NORM,0,0.9472803347280335
163,0.05,MI,1,0.9436363636363636
163,0.05,MI,0,0.9365671641791045
163,0.05,STTC,1,0.9289827255278311
163,0.05,STTC,0,0.9437996334758705
163,0.05,CD,1,0.9455645161290323
163,0.05,CD,0,0.9657039711191335
163,0.05,HYP,1,0.9732824427480916
163,0.05,HYP,0,0.9530590717299579
164,0.1,NORM,1,0.9169262720664589
164,0.1,NORM,0,0.8778242677824267
164,0.1,MI,1,0.889090909090909
164,0.1,MI,0,0.9148009950248757
164,0.1,STTC,1,0.8675623800383877
164,0.1,STTC,0,0.9138668295662797
164,0.1,CD,1,0.8931451612903226
164,0.1,CD,0,0.8965102286401926
164,0.1,HYP,1,0.8435114503816794
164,0.1,HYP,0,0.9045358649789029
164,0.05,NORM,1,0.9667705088265836
164,0.05,NORM,0,0.9430962343096234
164,0.05,MI,1,0.9472727272727273
164,0.05,MI,0,0.9514925373134329
164,0.05,STTC,1,0.9385796545105566
164,0.05,STTC,0,0.9694563225412339
164,0.05,CD,1,0.9455645161290323
164,0.05,CD,0,0.9530685920577617
164,0.05,HYP,1,0.8778625954198473
164,0.05,HYP,0,0.9546413502109705
165,0.1,NORM,1,0.9065420560747663
165,0.1,NORM,0,0.8794979079497908
165,0.1,MI,1,0.8909090909090909
165,0.1,MI,0,0.8930348258706468
165,0.1,STTC,1,0.8579654510556622
165,0.1,STTC,0,0.9071472205253512
165,0.1,CD,1,0.9133064516129032
165,0.1,CD,0,0.8916967509025271
165,0.1,HYP,1,0.9045801526717557
165,0.1,HYP,0,0.9034810126582279
165,0.05,NORM,1,0.9470404984423676
165,0.05,NORM,0,0.9439330543933054
165,0.05,MI,1,0.9363636363636364
165,0.05,MI,0,0.9347014925373134
165,0.05,STTC,1,0.9213051823416507
165,0.05,STTC,0,0.9596823457544288
165,0.05,CD,1,0.9455645161290323
165,0.05,CD,0,0.9434416365824309
165,0.05,HYP,1,0.9732824427480916
165,0.05,HYP,0,0.9556962025316456
166,0.1,NORM,1,0.9138110072689511
166,0.1,NORM,0,0.8853556485355648
166,0.1,MI,1,0.8927272727272727
166,0.1,MI,0,0.8942786069651741
166,0.1,STTC,1,0.8752399232245681
166,0.1,STTC,0,0.9010384850335981
166,0.1,CD,1,0.8991935483870968
166,0.1,CD,0,0.9133574007220217
166,0.1,HYP,1,0.8740458015267175
166,0.1,HYP,0,0.9008438818565401
166,0.05,NORM,1,0.9584631360332295
166,0.05,NORM,0,0.9430962343096234
166,0.05,MI,1,0.9472727272727273
166,0.05,MI,0,0.9365671641791045
166,0.05,STTC,1,0.9424184261036468
166,0.05,STTC,0,0.9651802076970067
166,0.05,CD,1,0.9455645161290323
166,0.05,CD,0,0.9699157641395909
166,0.05,HYP,1,0.916030534351145
166,0.05,HYP,0,0.9562236286919831
167,0.1,NORM,1,0.9138110072689511
167,0.1,NORM,0,0.8786610878661087
167,0.1,MI,1,0.8927272727272727
167,0.1,MI,0,0.8942786069651741
167,0.1,STTC,1,0.8522072936660269
167,0.1,STTC,0,0.9211973121563837
167,0.1,CD,1,0.9092741935483871
167,0.1,CD,0,0.9127557160048135
167,0.1,HYP,1,0.9045801526717557
167,0.1,HYP,0,0.8997890295358649
167,0.05,NORM,1,0.9501557632398754
167,0.05,NORM,0,0.9464435146443515
167,0.05,MI,1,0.9472727272727273
167,0.05,MI,0,0.9384328358208955
167,0.05,STTC,1,0.9136276391554703
167,0.05,STTC,0,0.9712889431887599
167,0.05,CD,1,0.9475806451612904
167,0.05,CD,0,0.9596871239470517
167,0.05,HYP,1,0.9656488549618321
167,0.05,HYP,0,0.9525316455696202
168,0.1,NORM,1,0.9106957424714434
168,0.1,NORM,0,0.8920502092050209
168,0.1,MI,1,0.8836363636363637
168,0.1,MI,0,0.8893034825870647
168,0.1,STTC,1,0.8790786948176583
168,0.1,STTC,0,0.9156994502138057
168,0.1,CD,1,0.9012096774193549
168,0.1,CD,0,0.898315282791817
168,0.1,HYP,1,0.8778625954198473
168,0.1,HYP,0,0.8966244725738397
168,0.05,NORM,1,0.9615784008307373
168,0.05,NORM,0,0.9439330543933054
168,0.05,MI,1,0.9127272727272727
168,0.05,MI,0,0.9353233830845771
168,0.05,STTC,1,0.944337811900192
168,0.05,STTC,0,0.9609040928527794
168,0.05,CD,1,0.9395161290322581
168,0.05,CD,0,0.9596871239470517
168,0.05,HYP,1,0.9427480916030534
168,0.05,HYP,0,0.9520042194092827
169,0.1,NORM,1,0.9169262720664589
169,0.1,NORM,0,0.896234309623431
169,0.1,MI,1,0.8945454545454545
169,0.1,MI,0,0.8992537313432836
169,0.1,STTC,1,0.8637236084452975
169,0.1,STTC,0,0.919975565058033
169,0.1,CD,1,0.8790322580645161
169,0.1,CD,0,0.8965102286401926
169,0.1,HYP,1,0.9045801526717557
169,0.1,HYP,0,0.8997890295358649
169,0.05,NORM,1,0.9667705088265836
169,0.05,NORM,0,0.9531380753138076
169,0.05,MI,1,0.9490909090909091
169,0.05,MI,0,0.9409203980099502
169,0.05,STTC,1,0.9385796545105566
169,0.05,STTC,0,0.9682345754428833
169,0.05,CD,1,0.9455645161290323
169,0.05,CD,0,0.95367027677497
169,0.05,HYP,1,0.9274809160305344
169,0.05,HYP,0,0.9530590717299579
170,0.1,NORM,1,0.9065420560747663
170,0.1,NORM,0,0.8794979079497908
170,0.1,MI,1,0.889090909090909
170,0.1,MI,0,0.8837064676616916
170,0.1,STTC,1,0.8733205374280231
170,0.1,STTC,0,0.9108124618204032
170,0.1,CD,1,0.8870967741935484
170,0.1,CD,0,0.9085439229843562
170,0.1,HYP,1,0.916030534351145
170,0.1,HYP,0,0.890295358649789
170,0.05,NORM,1,0.9584631360332295
170,0.05,NORM,0,0.9439330543933054
170,0.05,MI,1,0.9490909090909091
170,0.05,MI,0,0.9272388059701493
170,0.05,STTC,1,0.9309021113243762
170,0.05,STTC,0,0.9627367135003054
170,0.05,CD,1,0.9354838709677419
170,0.05,CD,0,0.9632972322503008
170,0.05,HYP,1,0.9732824427480916
170,0.05,HYP,0,0.9541139240506329
171,0.1,NORM,1,0.9169262720664589
171,0.1,NORM,0,0.8811715481171548
171,0.1,MI,1,0.8945454545454545
171,0.1,MI,0,0.8961442786069652
171,0.1,STTC,1,0.8733205374280231
171,0.1,STTC,0,0.9108124618204032
171,0.1,CD,1,0.8568548387096774
171,0.1,CD,0,0.8959085439229844
171,0.1,HYP,1,0.8740458015267175
171,0.1,HYP,0,0.9013713080168776
171,0.05,NORM,1,0.960539979231568
171,0.05,NORM,0,0.9464435146443515
171,0.05,MI,1,0.9490909090909091
171,0.05,MI,0,0.9384328358208955
171,0.05,STTC,1,0.9309021113243762
171,0.05,STTC,0,0.9602932193036041
171,0.05,CD,1,0.9334677419354839
171,0.05,CD,0,0.941034897713598
171,0.05,HYP,1,0.9274809160305344
171,0.05,HYP,0,0.9520042194092827
172,0.1,NORM,1,0.9231568016614745
172,0.1,NORM,0,0.8870292887029289
172,0.1,MI,1,0.8963636363636364
172,0.1,MI,0,0.8893034825870647
172,0.1,STTC,1,0.8637236084452975
172,0.1,STTC,0,0.9224190592547342
172,0.1,CD,1,0.9092741935483871
172,0.1,CD,0,0.8959085439229844
172,0.1,HYP,1,0.9045801526717557
172,0.1,HYP,0,0.9055907172995781
172,0.05,NORM,1,0.9709241952232607
172,0.05,NORM,0,0.9439330543933054
172,0.05,MI,1,0.9472727272727273
172,0.05,MI,0,0.9384328358208955
172,0.05,STTC,1,0.9174664107485605
172,0.05,STTC,0,0.9682345754428833
172,0.05,CD,1,0.9455645161290323
172,0.05,CD,0,0.9608904933814681
172,0.05,HYP,1,0.9732824427480916
172,0.05,HYP,0,0.9525316455696202
173,0.1,NORM,1,0.9034267912772586
173,0.1,NORM,0,0.901255230125523
173,0.1,MI,1,0.9054545454545454
173,0.1,MI,0,0.8799751243781094
173,0.1,STTC,1,0.8675623800383877
173,0.1,STTC,0,0.9108124618204032
173,0.1,CD,1,0.9092741935483871
173,0.1,CD,0,0.8959085439229844
173,0.1,HYP,1,0.9045801526717557
173,0.1,HYP,0,0.890295358649789
173,0.05,NORM,1,0.9501557632398754
173,0.05,NORM,0,0.9539748953974896
173,0.05,MI,1,0.9472727272727273
173,0.05,MI,0,0.9347014925373134
173,0.05,STTC,1,0.9347408829174664
173,0.05,STTC,0,0.9627367135003054
173,0.05,CD,1,0.9495967741935484
173,0.05,CD,0,0.9530685920577617
173,0.05,HYP,1,0.9732824427480916
173,0.05,HYP,0,0.9367088607594937
174,0.1,NORM,1,0.9034267912772586
174,0.1,NORM,0,0.891213389121339
174,0.1,MI,1,0.8963636363636364
174,0.1,MI,0,0.8849502487562189
174,0.1,STTC,1,0.8675623800383877
174,0.1,STTC,0,0.9138668295662797
174,0.1,CD,1,0.9032258064516129
174,0.1,CD,0,0.898315282791817
174,0.1,HYP,1,0.8740458015267175
174,0.1,HYP,0,0.8982067510548524
174,0.05,NORM,1,0.9584631360332295
174,0.05,NORM,0,0.9439330543933054
174,0.05,MI,1,0.9490909090909091
174,0.05,MI,0,0.9384328358208955
174,0.05,STTC,1,0.9289827255278311
174,0.05,STTC,0,0.9566279780085523
174,0.05,CD,1,0.9455645161290323
174,0.05,CD,0,0.9542719614921781
174,0.05,HYP,1,0.9389312977099237
174,0.05,HYP,0,0.9530590717299579
175,0.1,NORM,1,0.9106957424714434
175,0.1,NORM,0,0.8786610878661087
175,0.1,MI,1,0.8781818181818182
175,0.1,MI,0,0.8942786069651741
175,0.1,STTC,1,0.8637236084452975
175,0.1,STTC,0,0.916310323762981
175,0.1,CD,1,0.9032258064516129
175,0.1,CD,0,0.9127557160048135
175,0.1,HYP,1,0.9045801526717557
175,0.1,HYP,0,0.9071729957805907
175,0.05,NORM,1,0.9491173416407062
175,0.05,NORM,0,0.9439330543933054
175,0.05,MI,1,0.9327272727272727
175,0.05,MI,0,0.9458955223880597
175,0.05,STTC,1,0.9213051823416507
175,0.05,STTC,0,0.9596823457544288
175,0.05,CD,1,0.9455645161290323
175,0.05,CD,0,0.9590854392298436
175,0.05,HYP,1,0.9732824427480916
175,0.05,HYP,0,0.9572784810126582
176,0.1,NORM,1,0.8982346832814122
176,0.1,NORM,0,0.8761506276150628
176,0.1,MI,1,0.8927272727272727
176,0.1,MI,0,0.9036069651741293
176,0.1,STTC,1,0.8541266794625719
176,0.1,STTC,0,0.9156994502138057
176,0.1,CD,1,0.9133064516129032
176,0.1,CD,0,0.9043321299638989
176,0.1,HYP,1,0.8778625954198473
176,0.1,HYP,0,0.9034810126582279
176,0.05,NORM,1,0.9501557632398754
176,0.05,NORM,0,0.9430962343096234
176,0.05,MI,1,0.9490909090909091
176,0.05,MI,0,0.9384328358208955
176,0.05,STTC,1,0.9136276391554703
176,0.05,STTC,0,0.9682345754428833
176,0.05,CD,1,0.9455645161290323
176,0.05,CD,0,0.9608904933814681
176,0.05,HYP,1,0.9389312977099237
176,0.05,HYP,0,0.9562236286919831
177,0.1,NORM,1,0.9190031152647975
177,0.1,NORM,0,0.8803347280334728
177,0.1,MI,1,0.889090909090909
177,0.1,MI,0,0.8874378109452736
177,0.1,STTC,1,0.8675623800383877
177,0.1,STTC,0,0.9156994502138057
177,0.1,CD,1,0.9032258064516129
177,0.1,CD,0,0.8965102286401926
177,0.1,HYP,1,0.8740458015267175
177,0.1,HYP,0,0.9034810126582279
177,0.05,NORM,1,0.9667705088265836
177,0.05,NORM,0,0.9430962343096234
177,0.05,MI,1,0.9363636363636364
177,0.05,MI,0,0.9384328358208955
177,0.05,STTC,1,0.9289827255278311
177,0.05,STTC,0,0.9651802076970067
177,0.05,CD,1,0.9334677419354839
177,0.05,CD,0,0.95367027677497
177,0.05,HYP,1,0.9656488549618321
177,0.05,HYP,0,0.9556962025316456
178,0.1,NORM,1,0.9158878504672897
178,0.1,NORM,0,0.8853556485355648
178,0.1,MI,1,0.889090909090909
178,0.1,MI,0,0.9085820895522388
178,0.1,STTC,1,0.8752399232245681
178,0.1,STTC,0,0.9211973121563837
178,0.1,CD,1,0.9032258064516129
178,0.1,CD,0,0.9133574007220217
178,0.1,HYP,1,0.8778625954198473
178,0.1,HYP,0,0.9113924050632911
178,0.05,NORM,1,0.960539979231568
178,0.05,NORM,0,0.9439330543933054
178,0.05,MI,1,0.9472727272727273
178,0.05,MI,0,0.9458955223880597
178,0.05,STTC,1,0.9309021113243762
178,0.05,STTC,0,0.9664019547953574
178,0.05,CD,1,0.9475806451612904
178,0.05,CD,0,0.96690734055355
178,0.05,HYP,1,0.9732824427480916
178,0.05,HYP,0,0.9562236286919831
179,0.1,NORM,1,0.9190031152647975
179,0.1,NORM,0,0.8761506276150628
179,0.1,MI,1,0.8945454545454545
179,0.1,MI,0,0.9092039800995025
179,0.1,STTC,1,0.8675623800383877
179,0.1,STTC,0,0.9126450824679292
179,0.1,CD,1,0.8870967741935484
179,0.1,CD,0,0.8959085439229844
179,0.1,HYP,1,0.8740458015267175
179,0.1,HYP,0,0.9061181434599156
179,0.05,NORM,1,0.9615784008307373
179,0.05,NORM,0,0.9389121338912134
179,0.05,MI,1,0.9436363636363636
179,0.05,MI,0,0.947139303482587
179,0.05,STTC,1,0.9289827255278311
179,0.05,STTC,0,0.9627367135003054
179,0.05,CD,1,0.9395161290322581
179,0.05,CD,0,0.9530685920577617
179,0.05,HYP,1,0.9427480916030534
179,0.05,HYP,0,0.9562236286919831
180,0.1,NORM,1,0.8982346832814122
180,0.1,NORM,0,0.8778242677824267
180,0.1,MI,1,0.8836363636363637
180,0.1,MI,0,0.8893034825870647
180,0.1,STTC,1,0.8675623800383877
180,0.1,STTC,0,0.9071472205253512
180,0.1,CD,1,0.9012096774193549
180,0.1,CD,0,0.8965102286401926
180,0.1,HYP,1,0.9045801526717557
180,0.1,HYP,0,0.8908227848101266
180,0.05,NORM,1,0.9491173416407062
180,0.05,NORM,0,0.9389121338912134
180,0.05,MI,1,0.9472727272727273
180,0.05,MI,0,0.9384328358208955
180,0.05,STTC,1,0.9385796545105566
180,0.05,STTC,0,0.9602932193036041
180,0.05,CD,1,0.9455645161290323
180,0.05,CD,0,0.9596871239470517
180,0.05,HYP,1,0.9274809160305344
180,0.05,HYP,0,0.9530590717299579
181,0.1,NORM,1,0.8982346832814122
181,0.1,NORM,0,0.8853556485355648
181,0.1,MI,1,0.8945454545454545
181,0.1,MI,0,0.8992537313432836
181,0.1,STTC,1,0.8637236084452975
181,0.1,STTC,0,0.919975565058033
181,0.1,CD,1,0.9092741935483871
181,0.1,CD,0,0.9169675090252708
181,0.1,HYP,1,0.8435114503816794
181,0.1,HYP,0,0.890295358649789
181,0.05,NORM,1,0.9491173416407062
181,0.05,NORM,0,0.9472803347280335
181,0.05,MI,1,0.9472727272727273
181,0.05,MI,0,0.9384328358208955
181,0.05,STTC,1,0.9347408829174664
181,0.05,STTC,0,0.9609040928527794
181,0.05,CD,1,0.9455645161290323
181,0.05,CD,0,0.9675090252707581
181,0.05,HYP,1,0.9541984732824428
181,0.05,HYP,0,0.9530590717299579
182,0.1,NORM,1,0.9138110072689511
182,0.1,NORM,0,0.8811715481171548
182,0.1,MI,1,0.8927272727272727
182,0.1,MI,0,0.8986318407960199
182,0.1,STTC,1,0.8675623800383877
182,0.1,STTC,0,0.902871105681124
182,0.1,CD,1,0.8931451612903226
182,0.1,CD,0,0.8965102286401926
182,0.1,HYP,1,0.8778625954198473
182,0.1,HYP,0,0.890295358649789
182,0.05,NORM,1,0.9615784008307373
182,0.05,NORM,0,0.9397489539748954
182,0.05,MI,1,0.9363636363636364
182,0.05,MI,0,0.9458955223880597
182,0.05,STTC,1,0.9309021113243762
182,0.05,STTC,0,0.9486866218692731
182,0.05,CD,1,0.9576612903225806
182,0.05,CD,0,0.9512635379061372
182,0.05,HYP,1,0.9198473282442748
182,0.05,HYP,0,0.9541139240506329
183,0.1,NORM,1,0.9065420560747663
183,0.1,NORM,0,0.8694560669456067
183,0.1,MI,1,0.8963636363636364
183,0.1,MI,0,0.8973880597014925
183,0.1,STTC,1,0.8733205374280231
183,0.1,STTC,0,0.902871105681124
183,0.1,CD,1,0.8951612903225806
183,0.1,CD,0,0.9115523465703971
183,0.1,HYP,1,0.8778625954198473
183,0.1,HYP,0,0.8997890295358649
183,0.05,NORM,1,0.9615784008307373
183,0.05,NORM,0,0.9389121338912134
183,0.05,MI,1,0.9472727272727273
183,0.05,MI,0,0.9365671641791045
183,0.05,STTC,1,0.9213051823416507
183,0.05,STTC,0,0.9609040928527794
183,0.05,CD,1,0.9455645161290323
183,0.05,CD,0,0.9638989169675091
183,0.05,HYP,1,0.9389312977099237
183,0.05,HYP,0,0.9525316455696202
184,0.1,NORM,1,0.9138110072689511
184,0.1,NORM,0,0.8761506276150628
184,0.1,MI,1,0.9054545454545454
184,0.1,MI,0,0.9123134328358209
184,0.1,STTC,1,0.8790786948176583
184,0.1,STTC,0,0.919975565058033
184,0.1,CD,1,0.9032258064516129
184,0.1,CD,0,0.8965102286401926
184,0.1,HYP,1,0.9045801526717557
184,0.1,HYP,0,0.9071729957805907
184,0.05,NORM,1,0.9584631360332295
184,0.05,NORM,0,0.9430962343096234
184,0.05,MI,1,0.9490909090909091
184,0.05,MI,0,0.9477611940298507
184,0.05,STTC,1,0.944337811900192
184,0.05,STTC,0,0.9706780696395846
184,0.05,CD,1,0.9334677419354839
184,0.05,CD,0,0.9530685920577617
184,0.05,HYP,1,0.9389312977099237
184,0.05,HYP,0,0.9593881856540084
185,0.1,NORM,1,0.9034267912772586
185,0.1,NORM,0,0.8794979079497908
185,0.1,MI,1,0.8945454545454545
185,0.1,MI,0,0.8893034825870647
185,0.1,STTC,1,0.8733205374280231
185,0.1,STTC,0,0.8949297495418448
185,0.1,CD,1,0.9032258064516129
185,0.1,CD,0,0.898315282791817
185,0.1,HYP,1,0.8778625954198473
185,0.1,HYP,0,0.8866033755274262
185,0.05,NORM,1,0.9501557632398754
185,0.05,NORM,0,0.9430962343096234
185,0.05,MI,1,0.9490909090909091
185,0.05,MI,0,0.9365671641791045
185,0.05,STTC,1,0.9309021113243762
185,0.05,STTC,0,0.9444105070250458
185,0.05,CD,1,0.9475806451612904
185,0.05,CD,0,0.9614921780986763
185,0.05,HYP,1,0.9427480916030534
185,0.05,HYP,0,0.9477848101265823
186,0.1,NORM,1,0.9106957424714434
186,0.1,NORM,0,0.8786610878661087
186,0.1,MI,1,0.8945454545454545
186,0.1,MI,0,0.8893034825870647
186,0.1,STTC,1,0.8771593090211133
186,0.1,STTC,0,0.9010384850335981
186,0.1,CD,1,0.9032258064516129
186,0.1,CD,0,0.8965102286401926
186,0.1,HYP,1,0.8740458015267175
186,0.1,HYP,0,0.9008438818565401
186,0.05,NORM,1,0.9501557632398754
186,0.05,NORM,0,0.9430962343096234
186,0.05,MI,1,0.9490909090909091
186,0.05,MI,0,0.9458955223880597
186,0.05,STTC,1,0.944337811900192
186,0.05,STTC,0,0.9609040928527794
186,0.05,CD,1,0.9395161290322581
186,0.05,CD,0,0.9602888086642599
186,0.05,HYP,1,0.9274809160305344
186,0.05,HYP,0,0.9556962025316456
187,0.1,NORM,1,0.9034267912772586
187,0.1,NORM,0,0.8811715481171548
187,0.1,MI,1,0.8927272727272727
187,0.1,MI,0,0.8893034825870647
187,0.1,STTC,1,0.8522072936660269
187,0.1,STTC,0,0.8888210140500916
187,0.1,CD,1,0.8951612903225806
187,0.1,CD,0,0.8965102286401926
187,0.1,HYP,1,0.8740458015267175
187,0.1,HYP,0,0.9034810126582279
187,0.05,NORM,1,0.9501557632398754
187,0.05,NORM,0,0.9430962343096234
187,0.05,MI,1,0.9436363636363636
187,0.05,MI,0,0.9365671641791045
187,0.05,STTC,1,0.9174664107485605
187,0.05,STTC,0,0.9486866218692731
187,0.05,CD,1,0.9415322580645161
187,0.05,CD,0,0.9578820697954272
187,0.05,HYP,1,0.9198473282442748
187,0.05,HYP,0,0.9556962025316456
188,0.1,NORM,1,0.9106957424714434
188,0.1,NORM,0,0.8786610878661087
188,0.1,MI,1,0.8963636363636364
188,0.1,MI,0,0.8893034825870647
188,0.1,STTC,1,0.8637236084452975
188,0.1,STTC,0,0.9156994502138057
188,0.1,CD,1,0.9032258064516129
188,0.1,CD,0,0.8995186522262335
188,0.1,HYP,1,0.8778625954198473
188,0.1,HYP,0,0.8839662447257384
188,0.05,NORM,1,0.9584631360332295
188,0.05,NORM,0,0.9389121338912134
188,0.05,MI,1,0.9490909090909091
188,0.05,MI,0,0.9291044776119403
188,0.05,STTC,1,0.9289827255278311
188,0.05,STTC,0,0.9609040928527794
188,0.05,CD,1,0.9475806451612904
188,0.05,CD,0,0.9608904933814681
188,0.05,HYP,1,0.9274809160305344
188,0.05,HYP,0,0.9477848101265823
189,0.1,NORM,1,0.9241952232606438
189,0.1,NORM,0,0.8803347280334728
189,0.1,MI,1,0.8945454545454545
189,0.1,MI,0,0.8942786069651741
189,0.1,STTC,1,0.8675623800383877
189,0.1,STTC,0,0.9010384850335981
189,0.1,CD,1,0.8870967741935484
189,0.1,CD,0,0.9169675090252708
189,0.1,HYP,1,0.9045801526717557
189,0.1,HYP,0,0.9119198312236287
189,0.05,NORM,1,0.9667705088265836
189,0.05,NORM,0,0.9439330543933054
189,0.05,MI,1,0.9436363636363636
189,0.05,MI,0,0.9384328358208955
189,0.05,STTC,1,0.9213051823416507
189,0.05,STTC,0,0.9602932193036041
189,0.05,CD,1,0.9455645161290323
189,0.05,CD,0,0.96690734055355
189,0.05,HYP,1,0.9732824427480916
189,0.05,HYP,0,0.9614978902953587
190,0.1,NORM,1,0.9190031152647975
190,0.1,NORM,0,0.8786610878661087
190,0.1,MI,1,0.8963636363636364
190,0.1,MI,0,0.8855721393034826
190,0.1,STTC,1,0.8579654510556622
190,0.1,STTC,0,0.9211973121563837
190,0.1,CD,1,0.9092741935483871
190,0.1,CD,0,0.9043321299638989
190,0.1,HYP,1,0.9045801526717557
190,0.1,HYP,0,0.890295358649789
190,0.05,NORM,1,0.9709241952232607
190,0.05,NORM,0,0.9439330543933054
190,0.05,MI,1,0.9472727272727273
190,0.05,MI,0,0.9291044776119403
190,0.05,STTC,1,0.9309021113243762
190,0.05,STTC,0,0.9682345754428833
190,0.05,CD,1,0.9455645161290323
190,0.05,CD,0,0.96690734055355
190,0.05,HYP,1,0.9389312977099237
190,0.05,HYP,0,0.9572784810126582
191,0.1,NORM,1,0.9117341640706127
191,0.1,NORM,0,0.8786610878661087
191,0.1,MI,1,0.8927272727272727
191,0.1,MI,0,0.8992537313432836
191,0.1,STTC,1,0.8733205374280231
191,0.1,STTC,0,0.9138668295662797
191,0.1,CD,1,0.9092741935483871
191,0.1,CD,0,0.9133574007220217
191,0.1,HYP,1,0.8778625954198473
191,0.1,HYP,0,0.8997890295358649
191,0.05,NORM,1,0.9584631360332295
191,0.05,NORM,0,0.9489539748953975
191,0.05,MI,1,0.9490909090909091
191,0.05,MI,0,0.9365671641791045
191,0.05,STTC,1,0.944337811900192
191,0.05,STTC,0,0.9602932193036041
191,0.05,CD,1,0.9455645161290323
191,0.05,CD,0,0.9645006016847172
191,0.05,HYP,1,0.9732824427480916
191,0.05,HYP,0,0.9546413502109705
192,0.1,NORM,1,0.9034267912772586
192,0.1,NORM,0,0.8803347280334728
192,0.1,MI,1,0.889090909090909
192,0.1,MI,0,0.8843283582089553
192,0.1,STTC,1,0.8637236084452975
192,0.1,STTC,0,0.9126450824679292
192,0.1,CD,1,0.8891129032258065
192,0.1,CD,0,0.8995186522262335
192,0.1,HYP,1,0.9198473282442748
192,0.1,HYP,0,0.9029535864978903
192,0.05,NORM,1,0.9584631360332295
192,0.05,NORM,0,0.9430962343096234
192,0.05,MI,1,0.9436363636363636
192,0.05,MI,0,0.9291044776119403
192,0.05,STTC,1,0.9289827255278311
192,0.05,STTC,0,0.967623701893708
192,0.05,CD,1,0.9475806451612904
192,0.05,CD,0,0.9596871239470517
192,0.05,HYP,1,0.9732824427480916
192,0.05,HYP,0,0.9530590717299579
193,0.1,NORM,1,0.9065420560747663
193,0.1,NORM,0,0.891213389121339
193,0.1,MI,1,0.8945454545454545
193,0.1,MI,0,0.8992537313432836
193,0.1,STTC,1,0.8541266794625719
193,0.1,STTC,0,0.9224190592547342
193,0.1,CD,1,0.9092741935483871
193,0.1,CD,0,0.8935018050541517
193,0.1,HYP,1,0.9045801526717557
193,0.1,HYP,0,0.9119198312236287
193,0.05,NORM,1,0.9615784008307373
193,0.05,NORM,0,0.9464435146443515
193,0.05,MI,1,0.9472727272727273
193,0.05,MI,0,0.9365671641791045
193,0.05,STTC,1,0.9136276391554703
193,0.05,STTC,0,0.9688454489920586
193,0.05,CD,1,0.9455645161290323
193,0.05,CD,0,0.9464500601684718
193,0.05,HYP,1,0.9541984732824428
193,0.05,HYP,0,0.9572784810126582
194,0.1,NORM,1,0.9138110072689511
194,0.1,NORM,0,0.8920502092050209
194,0.1,MI,1,0.9054545454545454
194,0.1,MI,0,0.8942786069651741
194,0.1,STTC,1,0.8733205374280231
194,0.1,STTC,0,0.9077580940745266
194,0.1,CD,1,0.8850806451612904
194,0.1,CD,0,0.9151624548736462
194,0.1,HYP,1,0.8778625954198473
194,0.1,HYP,0,0.8881856540084389
194,0.05,NORM,1,0.9595015576323987
194,0.05,NORM,0,0.9506276150627615
194,0.05,MI,1,0.9472727272727273
194,0.05,MI,0,0.9384328358208955
194,0.05,STTC,1,0.9213051823416507
194,0.05,STTC,0,0.9627367135003054
194,0.05,CD,1,0.9354838709677419
194,0.05,CD,0,0.9657039711191335
194,0.05,HYP,1,0.9389312977099237
194,0.05,HYP,0,0.9525316455696202
195,0.1,NORM,1,0.9138110072689511
195,0.1,NORM,0,0.8803347280334728
195,0.1,MI,1,0.8909090909090909
195,0.1,MI,0,0.8942786069651741
195,0.1,STTC,1,0.8752399232245681
195,0.1,STTC,0,0.919975565058033
195,0.1,CD,1,0.8991935483870968
195,0.1,CD,0,0.8886883273164862
195,0.1,HYP,1,0.9045801526717557
195,0.1,HYP,0,0.9161392405063291
195,0.05,NORM,1,0.9584631360332295
195,0.05,NORM,0,0.9397489539748954
195,0.05,MI,1,0.9436363636363636
195,0.05,MI,0,0.9409203980099502
195,0.05,STTC,1,0.9500959692898272
195,0.05,STTC,0,0.9639584605986561
195,0.05,CD,1,0.9395161290322581
195,0.05,CD,0,0.9596871239470517
195,0.05,HYP,1,0.9732824427480916
195,0.05,HYP,0,0.9630801687763713
196,0.1,NORM,1,0.9138110072689511
196,0.1,NORM,0,0.8786610878661087
196,0.1,MI,1,0.9018181818181819
196,0.1,MI,0,0.9085820895522388
196,0.1,STTC,1,0.8579654510556622
196,0.1,STTC,0,0.9010384850335981
196,0.1,CD,1,0.9032258064516129
196,0.1,CD,0,0.9025270758122743
196,0.1,HYP,1,0.916030534351145
196,0.1,HYP,0,0.8997890295358649
196,0.05,NORM,1,0.9667705088265836
196,0.05,NORM,0,0.9489539748953975
196,0.05,MI,1,0.9490909090909091
196,0.05,MI,0,0.945273631840796
196,0.05,STTC,1,0.9309021113243762
196,0.05,STTC,0,0.9554062309102016
196,0.05,CD,1,0.9455645161290323
196,0.05,CD,0,0.9596871239470517
196,0.05,HYP,1,0.9427480916030534
196,0.05,HYP,0,0.9593881856540084
197,0.1,NORM,1,0.9179646936656283
197,0.1,NORM,0,0.8870292887029289
197,0.1,MI,1,0.889090909090909
197,0.1,MI,0,0.8942786069651741
197,0.1,STTC,1,0.8790786948176583
197,0.1,STTC,0,0.9260843005497862
197,0.1,CD,1,0.905241935483871
197,0.1,CD,0,0.8935018050541517
197,0.1,HYP,1,0.8778625954198473
197,0.1,HYP,0,0.9013713080168776
197,0.05,NORM,1,0.9667705088265836
197,0.05,NORM,0,0.9472803347280335
197,0.05,MI,1,0.9436363636363636
197,0.05,MI,0,0.9347014925373134
197,0.05,STTC,1,0.9289827255278311
197,0.05,STTC,0,0.9627367135003054
197,0.05,CD,1,0.9455645161290323
197,0.05,CD,0,0.9590854392298436
197,0.05,HYP,1,0.9541984732824428
197,0.05,HYP,0,0.9541139240506329
198,0.1,NORM,1,0.9138110072689511
198,0.1,NORM,0,0.8803347280334728
198,0.1,MI,1,0.9163636363636364
198,0.1,MI,0,0.8930348258706468
198,0.1,STTC,1,0.8771593090211133
198,0.1,STTC,0,0.9230299328039095
198,0.1,CD,1,0.9092741935483871
198,0.1,CD,0,0.8959085439229844
198,0.1,HYP,1,0.8740458015267175
198,0.1,HYP,0,0.9034810126582279
198,0.05,NORM,1,0.960539979231568
198,0.05,NORM,0,0.9472803347280335
198,0.05,MI,1,0.9490909090909091
198,0.05,MI,0,0.9347014925373134
198,0.05,STTC,1,0.9424184261036468
198,0.05,STTC,0,0.9731215638362859
198,0.05,CD,1,0.9455645161290323
198,0.05,CD,0,0.9590854392298436
198,0.05,HYP,1,0.9389312977099237
198,0.05,HYP,0,0.9556962025316456
199,0.1,NORM,1,0.9106957424714434
199,0.1,NORM,0,0.8803347280334728
199,0.1,MI,1,0.9054545454545454
199,0.1,MI,0,0.9054726368159204
199,0.1,STTC,1,0.8982725527831094
199,0.1,STTC,0,0.9010384850335981
199,0.1,CD,1,0.8891129032258065
199,0.1,CD,0,0.8916967509025271
199,0.1,HYP,1,0.9045801526717557
199,0.1,HYP,0,0.8897679324894515
199,0.05,NORM,1,0.9584631360332295
199,0.05,NORM,0,0.9489539748953975
199,0.05,MI,1,0.9490909090909091
199,0.05,MI,0,0.9458955223880597
199,0.05,STTC,1,0.944337811900192
199,0.05,STTC,0,0.9554062309102016
199,0.05,CD,1,0.9334677419354839
199,0.05,CD,0,0.95367027677497
199,0.05,HYP,1,0.9732824427480916
199,0.05,HYP,0,0.9477848101265823
